URL,category,Product Title,Price,Images,Video Source,Moissanite Facet Pattern,Stone Size,Stone,Metal,Band,Finger Size Info,images_Stone_size,image_metal,image_Finger_Ring_Size,Material,Cut,Clarity,Color,Additional Fatures
https://zenmoissanite.com/collections/pear-engagement-rings/products/the-cambri-pear,pear engagement rings,Cambri - Pear,"Rs. 145,200.00","https://zenmoissanite.com/cdn/shop/files/11x7.5mm_2.95cte_CrushedIcePear5-prongCambri_1.6mmplainband_-14kYG-Size4.75.jpg, https://zenmoissanite.com/cdn/shop/files/11x7.5mm_2.95cte_CrushedIcePear5-prongCambri_1.6mmplainband_-14kYG-Size4.75-2.jpg, https://zenmoissanite.com/cdn/shop/files/11x7.5mm_2.95cte_CrushedIcePear5-prongCambri_1.6mmplainband_-14kYG-Size4.75-5.jpg, https://zenmoissanite.com/cdn/shop/files/11x7.5mm_2.95cte_CrushedIcePear5-prongCambri_1.6mmplainband_-14kYG-Size4.75-4.jpg, https://zenmoissanite.com/cdn/shop/files/11x7.5mm_2.95cte_CrushedIcePear5-prongCambri_1.6mmplainband_-14kYG-Size4.75-6.jpg, https://zenmoissanite.com/cdn/shop/files/11x7.5mm_2.95cte_CrushedIcePear5-prongCambri_1.6mmplainband_-14kYG-Size4.75-4_df113197-671c-4f26-bdbc-db9ba5a1d908.jpg, https://zenmoissanite.com/cdn/shop/files/11x7.5mm_2.95cte_CrushedIcePear5-prongCambri_1.6mmplainband_-14kYG-Size4.75-1.jpg, https://zenmoissanite.com/cdn/shop/files/11x7.5mm_2.95cte_CrushedIcePear5-prongCambri_1.6mmplainband_-14kYG-Size4.75-2_48e20a20-cb9e-44cf-aab7-fa9faf28649c.jpg, https://zenmoissanite.com/cdn/shop/products/e27cacdbf8f3446aaae81379e612d32d.thumbnail.0000000_610x.jpg",https://zenmoissanite.com/cdn/shop/videos/c/vp/e27cacdbf8f3446aaae81379e612d32d/e27cacdbf8f3446aaae81379e612d32d.HD-1080p-7.2Mbps.mp4?v=0,,,"['MOISSANITE', 'LAB-DIAMOND']","14k rose gold, 14k yellow gold,  14k white gold,  18k rose gold, 18k yellow gold, 18k white gold, platinum","THIN, STANDARD, WIDE, CUSTOM",", 3.25, 3.5, 3.75, 4, 4.25, 4.5, 4.75, 5, 5.25, 5.5, 5.75, 6, 6.25, 6.5, 6.75, 7, 7.25, 7.5, 7.75, 8, 8.25, 8.50, 8.75, 9, 9.25, 9.5, 9.75, 10, 10.25, 10.5, 10.75, 11, 11.25, 11.5, 11.75, 12, 12.25, 12.5, 12.75, 12.75+ Contact our team for additional sizes","11x7.5mm (3cte) pear brilliant, 14k yellow gold",Shown on a size 4.75 finger,,Metal of choice + Moissanite from Zen Moissanite,Pear (crushed ice or brilliant),VVS,Colorless (EF),"Please note that all of our standard ring settings come with moissanite accent stones (band pavé stones, halo stones, hidden halo, etc.) even if you select a lab-diamond center stone. If you are interested in lab-diamond accent stones, our team can provide a quote based off of your order after your order has been placed. Please notify our team of your interest for lab-diamond accent stones in the notes section of the order, or via email at team@zenmoissanite.com"
https://zenmoissanite.com/collections/pear-engagement-rings/products/emilia-rose-pear-ring,pear engagement rings,Emilia - Rose Pear,"Rs. 202,600.00","https://zenmoissanite.com/cdn/shop/files/12x8x3mm_3.1cte_RoseCutPear5-prongEmilia_1.7mm1-2paveband.jpg, https://zenmoissanite.com/cdn/shop/files/12x8x3mm_3.1cte_RoseCutPear5-prongEmilia_1.7mm1-2paveband2.jpg, https://zenmoissanite.com/cdn/shop/files/12x8x3mm_3.1cte_RoseCutPear5-prongEmilia_1.7mm1-2paveband3.jpg, https://zenmoissanite.com/cdn/shop/files/12x8x3mm_3.1cte_RoseCutPear5-prongEmilia_1.7mm1-2paveband4.jpg, https://zenmoissanite.com/cdn/shop/files/12x8x3mm_3.1cte_RoseCutPear5-prongEmilia_1.7mm1-2paveband-Lifestyles-1.jpg, https://zenmoissanite.com/cdn/shop/files/12x8x3mm_3.1cte_RoseCutPear5-prongEmilia_1.7mm1-2paveband-Lifestyles-2.jpg, https://zenmoissanite.com/cdn/shop/files/12x8x3mm_3.1cte_RoseCutPear5-prongEmilia_1.7mm1-2paveband-Lifestyles-3.jpg, https://zenmoissanite.com/cdn/shop/files/12x8x3mm_3.1cte_RoseCutPear5-prongEmilia_1.7mm1-2paveband-Lifestyles-4.jpg, https://zenmoissanite.com/cdn/shop/files/12x8x3mm_3.1cte_RoseCutPear5-prongEmilia_1.7mm1-2paveband-Lifestyles-5.jpg, https://zenmoissanite.com/cdn/shop/files/RingSet_12x8x3mm_3.1cte_RoseCutPear5-prongEmilia_1.7mm1-2paveband_-18kRG-Size5.5pairedwithEmilia_1.7mm1-2paveband_-18kRG-Size5.5-Lifestyles-1_517b110b-4f0e-4b75-8d2e-b2ee81f17375.jpg, https://zenmoissanite.com/cdn/shop/files/RingSet_12x8x3mm_3.1cte_RoseCutPear5-prongEmilia_1.7mm1-2paveband_-18kRG-Size5.5pairedwithEmilia_1.7mm1-2paveband_-18kRG-Size5.5-Lifestyles-2_2d40a7f8-2a83-428a-9aad-d963f5a22db4.jpg, https://zenmoissanite.com/cdn/shop/files/RingSet_12x8x3mm_3.1cte_RoseCutPear5-prongEmilia_1.7mm1-2paveband_-18kRG-Size5.5pairedwithEmilia_1.7mm1-2paveband_-18kRG-Size5.5-Lifestyles-3_f4996be0-ec32-4d02-bcc1-4bb622090540.jpg, https://zenmoissanite.com/cdn/shop/files/RingSet_12x8x3mm_3.1cte_RoseCutPear5-prongEmilia_1.7mm1-2paveband_-18kRG-Size5.5pairedwithEmilia_1.7mm1-2paveband_-18kRG-Size5.5-Lifestyles-4_9e5a5e9f-e97c-417b-8c43-92f12ce048dd.jpg, https://zenmoissanite.com/cdn/shop/files/preview_images/bbaf8d304c9f4d249c144117cc480632.thumbnail.0000000000_610x.jpg, https://zenmoissanite.com/cdn/shop/files/preview_images/d5beb8cd4c544a4eba5d380e574a883b.thumbnail.0000000000_610x.jpg",https://zenmoissanite.com/cdn/shop/videos/c/vp/bbaf8d304c9f4d249c144117cc480632/bbaf8d304c9f4d249c144117cc480632.HD-1080p-7.2Mbps-32517042.mp4?v=0,,"9x6mm (1.2cte), 10x7mm (1.8cte), 10.5x7.5mm (2.2cte), 11.5x7.5mm (2.9cte), 12x8mm (3.1cte), 13x8mm (4.3cte), 13x9mm (4.5cte), 14x10mm (5.5cte), 15x10mm (6cte)",,,,,12x8mm pear rose cut,18k rose gold,Shown on a size 4.75 finger,Metal of choice + Moissanite from Zen Moissanite,Pear rose cut,VVS1/VVS2,Colorless (DEF),1/2 eternity pavé band
https://zenmoissanite.com/collections/pear-engagement-rings/products/the-emily-pear-halo-ring,pear engagement rings,Emily (with Pavé) - Pear,"Rs. 179,200.00","https://zenmoissanite.com/cdn/shop/products/10x7mm_2.1cte_BrilliantPear3-prongEmily_1.7mm3_4paveband_-14kWG-Size5.5.jpg, https://zenmoissanite.com/cdn/shop/products/10x7mm_2.1cte_BrilliantPear3-prongEmily_1.7mm3_4paveband_-14kWG-Size5.5-2.jpg, https://zenmoissanite.com/cdn/shop/products/10x7mm_2.1cte_BrilliantPear3-prongEmily_1.7mm3_4paveband_-14kWG-Size5.5-3.jpg, https://zenmoissanite.com/cdn/shop/products/10x7mm_2.1cte_BrilliantPear3-prongEmily_1.7mm3_4paveband_-14kWG-Size5.5-4.jpg, https://zenmoissanite.com/cdn/shop/products/10x7mm_2.1cte_BrilliantPear3-prongEmily_1.7mm3_4paveband_-14kWG-Size5.5-5.jpg, https://zenmoissanite.com/cdn/shop/products/10x7mm_2.1cte_BrilliantPear3-prongEmily_1.7mm3_4paveband_-14kWG-Size5.5Lifestyle-2.jpg, https://zenmoissanite.com/cdn/shop/products/10x7mm_2.1cte_BrilliantPear3-prongEmily_1.7mm3_4paveband_-14kWG-Size5.5Lifestyle-3.jpg, https://zenmoissanite.com/cdn/shop/products/10x7mm_2.1cte_BrilliantPear3-prongEmily_1.7mm3_4paveband_-14kWG-Size5.5Lifestyle-4.jpg, https://zenmoissanite.com/cdn/shop/products/10x7mm_2.1cte_BrilliantPear3-prongEmily_1.7mm3_4paveband_-14kWG-Size5.5Lifestyle-5.jpg, https://zenmoissanite.com/cdn/shop/products/10x7mm_2.1cte_BrilliantPear3-prongEmily_1.7mm3_4paveband_-14kWG-Size5.5Lifestyle-6.jpg, https://zenmoissanite.com/cdn/shop/products/10x7mm_2.1cte_BrilliantPear3-prongEmily_1.7mm3_4paveband_-14kWG-Size5.5Lifestyle.jpg, https://zenmoissanite.com/cdn/shop/products/e2297be11bdc4ca982fd6dd1fa092e06.thumbnail.0000000000_610x.jpg",https://zenmoissanite.com/cdn/shop/videos/c/vp/e2297be11bdc4ca982fd6dd1fa092e06/e2297be11bdc4ca982fd6dd1fa092e06.HD-1080p-7.2Mbps-9347882.mp4?v=0,,,"['MOISSANITE', 'LAB-DIAMOND']","14k rose gold, 14k yellow gold,  14k white gold,  18k rose gold, 18k yellow gold, 18k white gold, platinum","THIN, STANDARD, WIDE, CUSTOM",", 3.25, 3.5, 3.75, 4, 4.25, 4.5, 4.75, 5, 5.25, 5.5, 5.75, 6, 6.25, 6.5, 6.75, 7, 7.25, 7.5, 7.75, 8, 8.25, 8.50, 8.75, 9, 9.25, 9.5, 9.75, 10, 10.25, 10.5, 10.75, 11, 11.25, 11.5, 11.75, 12, 12.25, 12.5, 12.75, 12.75+ Contact our team for additional sizes",10x7mm pear brilliant,14k white gold,Shown on a size 4.75 finger,Metal of choice + Moissanite from Zen Moissanite,Pear (crushed ice or brilliant),VVS1/VVS2,Colorless (DEF),"Halo design and pavé band.Please note that all of our standard ring settings come with moissanite accent stones (band pavé stones, halo stones, hidden halo, etc.) even if you select a lab-diamond center stone. If you are interested in lab-diamond accent stones, our team can provide a quote based off of your order after your order has been placed. Please notify our team of your interest for lab-diamond accent stones in the notes section of the order, or via email at team@zenmoissanite.com"
https://zenmoissanite.com/collections/pear-engagement-rings/products/the-eve-champagne-pear-rose-cut-bezel-ring,pear engagement rings,Eve - Rose Pear (Champagne),"Rs. 117,400.00","https://zenmoissanite.com/cdn/shop/products/9x6mm_1.5cte_ChampagneRoseCutPearEve_1.6mmplainband_-14kYG-Size6.5.jpg, https://zenmoissanite.com/cdn/shop/products/9x6mm_1.5cte_ChampagneRoseCutPearEve_1.6mmplainband_-14kYG-Size6.5-2.jpg, https://zenmoissanite.com/cdn/shop/products/9x6mm_1.5cte_ChampagneRoseCutPearEve_1.6mmplainband_-14kYG-Size6.5-3.jpg, https://zenmoissanite.com/cdn/shop/products/9x6mm_1.5cte_ChampagneRoseCutPearEve_1.6mmplainband_-14kYG-Size6.5-4.jpg, https://zenmoissanite.com/cdn/shop/products/9x6mm_1.5cte_ChampagneRoseCutPearEve_1.6mmplainband_-14kYG-Size6.5-5.jpg, https://zenmoissanite.com/cdn/shop/products/9x6mm_1.5cte_ChampagneRoseCutPearEve_1.6mmplainband_-14kYG-Size6.59x6mm_1.5cte_ChampagneRoseCutPearEve_1.6mmplainband_-14kYG-Size6.5Lifestyle-4.jpg, https://zenmoissanite.com/cdn/shop/products/9x6mm_1.5cte_ChampagneRoseCutPearEve_1.6mmplainband_-14kYG-Size6.59x6mm_1.5cte_ChampagneRoseCutPearEve_1.6mmplainband_-14kYG-Size6.5Lifestyle-3.jpg, https://zenmoissanite.com/cdn/shop/products/9x6mm_1.5cte_ChampagneRoseCutPearEve_1.6mmplainband_-14kYG-Size6.59x6mm_1.5cte_ChampagneRoseCutPearEve_1.6mmplainband_-14kYG-Size6.5Lifestyle.jpg, https://zenmoissanite.com/cdn/shop/products/9x6mm_1.5cte_ChampagneRoseCutPearEve_1.6mmplainband_-14kYG-Size6.59x6mm_1.5cte_ChampagneRoseCutPearEve_1.6mmplainband_-14kYG-Size6.5Lifestyle-2.jpg, https://zenmoissanite.com/cdn/shop/products/2924a0e678bf4700a8411ed7f1226a89.thumbnail.0000000000_610x.jpg",https://zenmoissanite.com/cdn/shop/videos/c/vp/2924a0e678bf4700a8411ed7f1226a89/2924a0e678bf4700a8411ed7f1226a89.HD-1080p-7.2Mbps-10881824.mp4?v=0,,"7x5mm (0.5cte), 8x5mm (0.8cte), 8x6mm (0.9cte), 9x6mm (1.2cte), 9x7mm (1.5cte), 10x7mm (1.8cte), 10x8mm (2.2cte), 10.5x7.5mm (2.2cte), 11x7mm (2.2cte), 11x8mm (2.9cte), 11x9mm (3.1cte), 12x8mm (3.1cte), 12x9mm (4cte), 12x10mm (4.5cte), 13x8mm (4.3cte), 13x9mm (4.5cte), 13x10mm (5cte), 14x10mm (5.5cte), 15x10mm (6cte)",,,,,9x6mm champagne rose cut pear,14k yellow gold,Shown on a size 4.75 finger,Metal of choice + Moissanite from Zen Moissanite,Pear Rose,VVS1/VVS2,Champagne,Bezel ring setting.
https://zenmoissanite.com/collections/pear-engagement-rings/products/gisele-pear,pear engagement rings,Gisèle - Pear,"Rs. 111,200.00","https://zenmoissanite.com/cdn/shop/products/14.5x8.5mm_cte_BrilliantPear5-prongGisele_mm1-4paveband_-kYG-Size.jpg, https://zenmoissanite.com/cdn/shop/products/14.5x8.5mm_cte_BrilliantPear5-prongGisele_mm1-4paveband_-kYG-Size-2.jpg, https://zenmoissanite.com/cdn/shop/products/14.5x8.5mm_cte_BrilliantPear5-prongGisele_mm1-4paveband_-kYG-Size-3.jpg, https://zenmoissanite.com/cdn/shop/products/14.5x8.5mm_cte_BrilliantPear5-prongGisele_mm1-4paveband_-kYG-Size-4.jpg, https://zenmoissanite.com/cdn/shop/products/14.5x8.5mm_cte_BrilliantPear5-prongGisele_mm1-4paveband_-kYG-Size-5.jpg",,,,"['MOISSANITE', 'LAB-DIAMOND']","14k rose gold, 14k yellow gold,  14k white gold,  18k rose gold, 18k yellow gold, 18k white gold, platinum","THIN, STANDARD, WIDE, CUSTOM",", 3.25, 3.5, 3.75, 4, 4.25, 4.5, 4.75, 5, 5.25, 5.5, 5.75, 6, 6.25, 6.5, 6.75, 7, 7.25, 7.5, 7.75, 8, 8.25, 8.50, 8.75, 9, 9.25, 9.5, 9.75, 10, 10.25, 10.5, 10.75, 11, 11.25, 11.5, 11.75, 12, 12.25, 12.5, 12.75, 12.75+ Contact our team for additional sizes",14.5x8.5mm pear brilliant,14k yellow gold band & platinum head,Shown on a size 4.75 finger,Metal of choice + Moissanite from Zen Moissanite,Pear (crushed ice or brilliant),VVS1/VVS2,Colorless (DEF),"Our signature invisible gallery design featuring claw prongs and a hidden halo.DisclaimerDue to the invisible gallery feature, this ring design cannot undergo a standard resizing process. Please note that recasting is required for any size adjustments, whether it is to size up or down."
https://zenmoissanite.com/collections/pear-engagement-rings/products/hannah-grey-oval-pear-ring,pear engagement rings,Hannah - Oval (Grey) & Pear,"Rs. 201,400.00","https://zenmoissanite.com/cdn/shop/products/9x7mmBrilliantGreyOval_5x3mmBrilliantColourlessPear_2.4cttotalweight_Hannah_1.7mmplainband_-14kWG-Size8.jpg, https://zenmoissanite.com/cdn/shop/products/9x7mmBrilliantGreyOval_5x3mmBrilliantColourlessPear_2.4cttotalweight_Hannah_1.7mmplainband_-14kWG-Size8-2.jpg, https://zenmoissanite.com/cdn/shop/products/9x7mmBrilliantGreyOval_5x3mmBrilliantColourlessPear_2.4cttotalweight_Hannah_1.7mmplainband_-14kWG-Size8-3.jpg, https://zenmoissanite.com/cdn/shop/products/9x7mmBrilliantGreyOval_5x3mmBrilliantColourlessPear_2.4cttotalweight_Hannah_1.7mmplainband_-14kWG-Size8-4.jpg, https://zenmoissanite.com/cdn/shop/products/9x7mmBrilliantGreyOval_5x3mmBrilliantColourlessPear_2.4cttotalweight_Hannah_1.7mmplainband_-14kWG-Size8-5.jpg, https://zenmoissanite.com/cdn/shop/products/9x7mmBrilliantGreyOval_5x3mmBrilliantColourlessPear_2.4cttotalweight_Hannah_1.7mmplainband_-14kWG-Size8Closeup.jpg, https://zenmoissanite.com/cdn/shop/products/9x7mmBrilliantGreyOval_5x3mmBrilliantColourlessPear_2.4cttotalweight_Hannah_1.7mmplainband_-14kWG-Size8Closeup-2.jpg, https://zenmoissanite.com/cdn/shop/products/9x7mmBrilliantGreyOval_5x3mmBrilliantColourlessPear_2.4cttotalweight_Hannah_1.7mmplainband_-14kWG-Size8Closeup-4.jpg, https://zenmoissanite.com/cdn/shop/products/9x7mmBrilliantGreyOval_5x3mmBrilliantColourlessPear_2.4cttotalweight_Hannah_1.7mmplainband_-14kWG-Size8Closeup-5.jpg, https://zenmoissanite.com/cdn/shop/products/3534f9e53e6b44ae9a64d598b21aa86d.thumbnail.0000000000_610x.jpg, https://zenmoissanite.com/cdn/shop/products/d92904f870354be8a3d16ae9c3881cb0.thumbnail.0000000000_610x.jpg",https://zenmoissanite.com/cdn/shop/videos/c/vp/3534f9e53e6b44ae9a64d598b21aa86d/3534f9e53e6b44ae9a64d598b21aa86d.HD-1080p-7.2Mbps-8736086.mp4?v=0,"Crushed Ice, Brilliant, Hybrid, Antique","1.8cte total weight, 2.1cte total weight, 2.6cte total weight, 3.2cte total weight, 4.2cte total weight",,,,,9x7mm center oval & 5x3mm side pears (approx. total weight of 2.6cte),14k white gold,Shown with Alyssa band in videos (sold separately).,Moissanite from Zen Moissanite and metal of choice,,VVS1/VVS2,Colorless (DEF),"Our Blair's sister which features an elevated mount to accommodate a band to sit flush with it.Center Stone:Cut : oval (antique, hybrid, brilliant or crushed ice)Colour: greyComposition: Zen MoissaniteSide Stones:Cut : pear brilliantComposition: moissaniteStone layouts listed (customizable):1.8ct total weight4x2.5mm pear | 8x6mm oval | 4x2.5mm pear2.1ct total weight5x3mm pear | 9x6mm oval | 5x3mm pear2.6ct total weight6x4mm pear | 9.5x6.5mm oval | 6x4mm pear3.2ct total weight6x4mm pear | 10.5x7mm oval | 6x4mm pear4.2ct total weight7x5mm pear | 11x7.5mm oval | 7x5mm pear"
https://zenmoissanite.com/collections/pear-engagement-rings/products/the-hannah-3-stone-oval-lab-emerald-pear-ring,pear engagement rings,Hannah - Oval (Lab-Emerald) & Pear,"Rs. 195,200.00","https://zenmoissanite.com/cdn/shop/files/10.5x7mmLab-EmeraldOval_5x3mmBrilliantPear_3.1cttotalweight_Hannah_1.7mmplainband_-14kYG-Size6-4.jpg, https://zenmoissanite.com/cdn/shop/files/10.5x7mmLab-EmeraldOval_5x3mmBrilliantPear_3.1cttotalweight_Hannah_1.7mmplainband_-14kYG-Size6-1.jpg, https://zenmoissanite.com/cdn/shop/files/10.5x7mmLab-EmeraldOval_5x3mmBrilliantPear_3.1cttotalweight_Hannah_1.7mmplainband_-14kYG-Size6-2.jpg, https://zenmoissanite.com/cdn/shop/files/10.5x7mmLab-EmeraldOval_5x3mmBrilliantPear_3.1cttotalweight_Hannah_1.7mmplainband_-14kYG-Size6-3.jpg, https://zenmoissanite.com/cdn/shop/files/10.5x7mmLab-EmeraldOval_5x3mmBrilliantPear_3.1cttotalweight_Hannah_1.7mmplainband_-14kYG-Size6Lifestyle-1.jpg, https://zenmoissanite.com/cdn/shop/files/10.5x7mmLab-EmeraldOval_5x3mmBrilliantPear_3.1cttotalweight_Hannah_1.7mmplainband_-14kYG-Size6Lifestyle-2.jpg, https://zenmoissanite.com/cdn/shop/files/10.5x7mmLab-EmeraldOval_5x3mmBrilliantPear_3.1cttotalweight_Hannah_1.7mmplainband_-14kYG-Size6Lifestyle-3.jpg, https://zenmoissanite.com/cdn/shop/files/10.5x7mmLab-EmeraldOval_5x3mmBrilliantPear_3.1cttotalweight_Hannah_1.7mmplainband_-14kYG-Size6Lifestyle-4.jpg, https://zenmoissanite.com/cdn/shop/files/10.5x7mmLab-EmeraldOval_5x3mmBrilliantPear_3.1cttotalweight_Hannah_1.7mmplainband_-14kYG-Size6Lifestyle-5.jpg, https://zenmoissanite.com/cdn/shop/files/10.5x7mmLab-EmeraldOval_5x3mmBrilliantPear_3.1cttotalweight_Hannah_1.7mmplainband_-14kYG-Size6Lifestyle-6.jpg, https://zenmoissanite.com/cdn/shop/files/10.5x7mmLab-EmeraldOval_5x3mmBrilliantPear_3.1cttotalweight_Hannah_1.7mmplainband_-14kYG-Size6Lifestyle-7.jpg, https://zenmoissanite.com/cdn/shop/files/10.5x7mmLab-EmeraldOval_5x3mmBrilliantPear_3.1cttotalweight_Hannah_1.7mmplainband_-14kYG-Size6Lifestyle-8.jpg, https://zenmoissanite.com/cdn/shop/files/10.5x7mmLab-EmeraldOval_5x3mmBrilliantPear_3.1cttotalweight_Hannah_1.7mmplainband_-14kYG-Size6Lifestyle-9.jpg, https://zenmoissanite.com/cdn/shop/files/10.5x7mmLab-EmeraldOval_5x3mmBrilliantPear_3.1cttotalweight_Hannah_1.7mmplainband_-14kYG-Size6Lifestyle-10.jpg, https://zenmoissanite.com/cdn/shop/files/10.5x7mmLab-EmeraldOval_5x3mmBrilliantPear_3.1cttotalweight_Hannah_1.7mmplainband_-14kYG-Size6Lifestyle-11.jpg, https://zenmoissanite.com/cdn/shop/files/10.5x7mmLab-EmeraldOval_5x3mmBrilliantPear_3.1cttotalweight_Hannah_1.7mmplainband_-14kYG-Size6Lifestyle-12.jpg, https://zenmoissanite.com/cdn/shop/files/preview_images/4432c0d72e7b46038b95abdf8b13e741.thumbnail.0000000000_610x.jpg, https://zenmoissanite.com/cdn/shop/files/preview_images/097749c8de9d4e1facd66455889a5e5b.thumbnail.0000000000_610x.jpg, https://zenmoissanite.com/cdn/shop/files/preview_images/4cf568055a4742c79b6c617fc6fae006.thumbnail.0000000000_610x.jpg",https://zenmoissanite.com/cdn/shop/videos/c/vp/4432c0d72e7b46038b95abdf8b13e741/4432c0d72e7b46038b95abdf8b13e741.HD-1080p-7.2Mbps-25775891.mp4?v=0,,"1.8cte total weight, 2.1cte total weight, 2.6cte total weight, 3.2cte total weight, 4.2cte total weight",,,,,3.2ct total weight,14k yellow gold,Shown on a size 4.75 finger,Moissanite from Zen Moissanite and metal of choice,,VVS1/VVS2,Colorless (DEF),"Our Blair's sister which features an elevated mount to accommodate a band to sit flush with it.Center Stone:Cut : Oval (antique, hybrid, brilliant or crushed ice)Composition: lab-emeraldSide Stones:Cut : pear brilliantComposition: moissaniteStone layouts listed (customizable):1.8cte total weight4x2.5mm pear | 8x6mm oval | 4x2.5mm pear2.1cte total weight4x2.5mm pear | 9x6mm oval | 4x2.5mm pear2.6cte total weight5x3mm pear | 9.5x6.5mm oval | 5x3mm pear3.2cte total weight5x3mm pear | 10.5x7mm oval | 5x3mm pear4.2cte total weight6x4mm pear | 11x7.5mm oval | 6x4mm pear"
https://zenmoissanite.com/collections/pear-engagement-rings/products/the-harley-pear-with-pave,pear engagement rings,Harley (with Pavé) - Pear,"Rs. 151,400.00","https://zenmoissanite.com/cdn/shop/products/TheHarley-Pear-10.5x7.5mmPearBrilliantHarleywithPave-14kYG-Size10-2.jpg, https://zenmoissanite.com/cdn/shop/products/TheHarley-Pear-10.5x7.5mmPearBrilliantHarleywithPave-14kYG-Size10-3.jpg, https://zenmoissanite.com/cdn/shop/products/TheHarley-Pear-10.5x7.5mmPearBrilliantHarleywithPave-14kYG-Size10-5.jpg, https://zenmoissanite.com/cdn/shop/products/TheHarley-Pear-10.5x7.5mmPearBrilliantHarleywithPave-14kYG-Size10-7.jpg, https://zenmoissanite.com/cdn/shop/products/TheHarley-Pear-10.5x7.5mmPearBrilliantHarleywithPave-14kYG-Size10-9.jpg, https://zenmoissanite.com/cdn/shop/products/TheHarley-Pear-10.5x7.5mmPearBrilliantHarleywithPave-14kYG-Size10-1.jpg, https://zenmoissanite.com/cdn/shop/products/TheHarley-Pear-10.5x7.5mmPearBrilliantHarleywithPave-14kYG-Size10-4.jpg, https://zenmoissanite.com/cdn/shop/products/TheHarley-Pear-10.5x7.5mmPearBrilliantHarleywithPave-14kYG-Size10-6.jpg, https://zenmoissanite.com/cdn/shop/products/TheHarley-Pear-10.5x7.5mmPearBrilliantHarleywithPave-14kYG-Size10-8.jpg, https://zenmoissanite.com/cdn/shop/products/TheHarley-Pear-10.5x7.5mmPearBrilliantHarleywithPave-14kYG-Size10-10.jpg, https://zenmoissanite.com/cdn/shop/products/TheHarley-Pear-10.5x7.5mmPearBrilliantHarleywithPave-14kYG-Size10-11.jpg, https://zenmoissanite.com/cdn/shop/products/TheHarley-Pear-10.5x7.5mmPearBrilliantHarleywithPave-14kYG-Size10-12.jpg, https://zenmoissanite.com/cdn/shop/products/TheHarley-Pear-10.5x7.5mmPearBrilliantHarleywithPave-14kYG-Size10-13.jpg, https://zenmoissanite.com/cdn/shop/products/TheHarley-Pear-10.5x7.5mmPearBrilliantHarleywithPave-14kYG-Size10-14.jpg, https://zenmoissanite.com/cdn/shop/products/TheHarley-Pear-10.5x7.5mmPearBrilliantHarleywithPave-14kYG-Size10-15.jpg",,,,"['MOISSANITE', 'LAB-DIAMOND']","14k rose gold, 14k yellow gold,  14k white gold,  18k rose gold, 18k yellow gold, 18k white gold, platinum","THIN, STANDARD, WIDE, CUSTOM",", 3.25, 3.5, 3.75, 4, 4.25, 4.5, 4.75, 5, 5.25, 5.5, 5.75, 6, 6.25, 6.5, 6.75, 7, 7.25, 7.5, 7.75, 8, 8.25, 8.50, 8.75, 9, 9.25, 9.5, 9.75, 10, 10.25, 10.5, 10.75, 11, 11.25, 11.5, 11.75, 12, 12.25, 12.5, 12.75, 12.75+ Contact our team for additional sizes",10.5x7.5mm pear brilliant,14k yellow gold,,Metal of choice + Moissanite from Zen Moissanite,Pear (crushed ice or brilliant),VVS1/VVS2,Colorless (DEF),Our signature solitaire design featuring claw prongs and a hidden halo.Pavé stones covering 3/4 of the band.
https://zenmoissanite.com/collections/pear-engagement-rings/products/the-harley-pear-solitaire,pear engagement rings,Harley - Pear,"Rs. 105,100.00","https://zenmoissanite.com/cdn/shop/files/11x7.5mm_2.95cte_CrushedIcePear4-prongHarley_1.7mmplainband_-14kYG-Size6.5.jpg, https://zenmoissanite.com/cdn/shop/files/11x7.5mm_2.95cte_CrushedIcePear4-prongHarley_1.7mmplainband_-14kYG-Size6.5-2.jpg, https://zenmoissanite.com/cdn/shop/files/11x7.5mm_2.95cte_CrushedIcePear4-prongHarley_1.7mmplainband_-14kYG-Size6.5-3.jpg, https://zenmoissanite.com/cdn/shop/files/11x7.5mm_2.95cte_CrushedIcePear4-prongHarley_1.7mmplainband_-14kYG-Size6.5-4.jpg, https://zenmoissanite.com/cdn/shop/files/11x7.5mm_2.95cte_CrushedIcePear4-prongHarley_1.7mmplainband_-14kYG-Size6.5-5.jpg",,,,"['MOISSANITE', 'LAB-DIAMOND']","14k rose gold, 14k yellow gold,  14k white gold,  18k rose gold, 18k yellow gold, 18k white gold, platinum","THIN, STANDARD, WIDE, CUSTOM",", 3.25, 3.5, 3.75, 4, 4.25, 4.5, 4.75, 5, 5.25, 5.5, 5.75, 6, 6.25, 6.5, 6.75, 7, 7.25, 7.5, 7.75, 8, 8.25, 8.50, 8.75, 9, 9.25, 9.5, 9.75, 10, 10.25, 10.5, 10.75, 11, 11.25, 11.5, 11.75, 12, 12.25, 12.5, 12.75, 12.75+ Contact our team for additional sizes",11x7.5mm crushed ice pear,14k yellow gold,,Metal of choice + Moissanite from Zen Moissanite,Pear (crushed ice or brilliant),VVS1-VVS2,Colorless (DEF),Our signature solitaire design featuring claw prongs and a hidden halo.
https://zenmoissanite.com/collections/pear-engagement-rings/products/jasmine-pave-pear-1,pear engagement rings,Jasmine (Pavé) - Pear,"Rs. 145,200.00","https://zenmoissanite.com/cdn/shop/files/10x7mm_2.1cte_CrushedIcePear4-prongJasmine_1.7mmfullpaveband_-14kYG-Size7.5_a8c2e626-90b5-4d74-9cc2-23cfcf53a43d.jpg, https://zenmoissanite.com/cdn/shop/files/10x7mm_2.1cte_CrushedIcePear4-prongJasmine_1.7mmfullpaveband_-14kYG-Size7.5-2_0f1fb632-dc12-4929-86a3-b376dd2743b8.jpg, https://zenmoissanite.com/cdn/shop/files/10x7mm_2.1cte_CrushedIcePear4-prongJasmine_1.7mmfullpaveband_-14kYG-Size7.5-3_4a4bdf3e-4413-439e-85a7-d32e84286dfa.jpg, https://zenmoissanite.com/cdn/shop/files/10x7mm_2.1cte_CrushedIcePear4-prongJasmine_1.7mmfullpaveband_-14kYG-Size7.5-4_a702ce98-6509-4f84-8bd4-588b179187f6.jpg, https://zenmoissanite.com/cdn/shop/files/10x7mm_2.1cte_CrushedIcePear4-prongJasmine_1.7mmfullpaveband_-14kYG-Size7.5-5_8c680007-5868-4e4f-a0ff-fb1ab16ef432.jpg, https://zenmoissanite.com/cdn/shop/files/10x7mm_2.1cte_CrushedIcePear4-prongJasmine_1.7mmfullpaveband_-14kYG-Size7.5Closeup_a6553958-a6e9-439e-af3d-de02f3b947b9.jpg, https://zenmoissanite.com/cdn/shop/files/10x7mm_2.1cte_CrushedIcePear4-prongJasmine_1.7mmfullpaveband_-14kYG-Size7.5Closeup-2_3df43115-0a35-4eb6-8274-1b4f4f2a7880.jpg, https://zenmoissanite.com/cdn/shop/files/10x7mm_2.1cte_CrushedIcePear4-prongJasmine_1.7mmfullpaveband_-14kYG-Size7.5Closeup-3_11ff7a4b-3fb6-47a8-8560-78cb34a3e408.jpg, https://zenmoissanite.com/cdn/shop/files/10x7mm_2.1cte_CrushedIcePear4-prongJasmine_1.7mmfullpaveband_-14kYG-Size7.5Closeup-4_82a30227-866e-49cd-bcb6-fa5435b30cc3.jpg, https://zenmoissanite.com/cdn/shop/files/10x7mm_2.1cte_CrushedIcePear4-prongJasmine_1.7mmfullpaveband_-14kYG-Size7.5Closeup-5_abf76082-b088-4256-b8d6-cb910c3eff05.jpg, https://zenmoissanite.com/cdn/shop/files/10x7mm_2.1cte_CrushedIcePear4-prongJasmine_1.7mmfullpaveband_-14kYG-Size7.5Lifestyle-3_51a1a540-796c-4527-a5e5-6b1220ec91b6.jpg, https://zenmoissanite.com/cdn/shop/files/10x7mm_2.1cte_CrushedIcePear4-prongJasmine_1.7mmfullpaveband_-14kYG-Size7.5Lifestyle_aca2adf1-81ff-4b2f-9208-a1bc9020bc76.jpg, https://zenmoissanite.com/cdn/shop/files/10x7mm_2.1cte_CrushedIcePear4-prongJasmine_1.7mmfullpaveband_-14kYG-Size7.5Lifestyle-2_8b3a615e-437e-48ac-a2ea-447091837a6e.jpg, https://zenmoissanite.com/cdn/shop/files/10x7mm_2.1cte_CrushedIcePear4-prongJasmine_1.7mmfullpaveband_-14kYG-Size7.5Lifestyle-4_32a7ae4f-0b09-4a75-98c0-0428ab799062.jpg, https://zenmoissanite.com/cdn/shop/files/preview_images/f04f913ceb654b7780eacf0a80cd8aeb.thumbnail.0000000000_610x.jpg",https://zenmoissanite.com/cdn/shop/videos/c/vp/f04f913ceb654b7780eacf0a80cd8aeb/f04f913ceb654b7780eacf0a80cd8aeb.HD-1080p-7.2Mbps-14901529.mp4?v=0,,,"['MOISSANITE', 'LAB-DIAMOND']","14k rose gold, 14k yellow gold,  14k white gold,  18k rose gold, 18k yellow gold, 18k white gold, platinum","THIN, STANDARD, WIDE, CUSTOM",", 3.25, 3.5, 3.75, 4, 4.25, 4.5, 4.75, 5, 5.25, 5.5, 5.75, 6, 6.25, 6.5, 6.75, 7, 7.25, 7.5, 7.75, 8, 8.25, 8.50, 8.75, 9, 9.25, 9.5, 9.75, 10, 10.25, 10.5, 10.75, 11, 11.25, 11.5, 11.75, 12, 12.25, 12.5, 12.75, 12.75+ Contact our team for additional sizes",10.5x7.5mm pear brilliant,14k yellow gold,Shown on a size 4.75 finger,Metal of choice + Moissanite from Zen Moissanite,Pear (crushed ice or brilliant),VVS1-VVS2,Colorless (DEF),"Our signature solitaire design featuring claw prongs and a hidden halo.Pavé stones covering 3/4 of the band.DisclaimerDue to the invisible gallery feature, this ring design cannot undergo a standard resizing process. Please note that recasting is required for any size adjustments, whether it is to size up or down."
https://zenmoissanite.com/collections/pear-engagement-rings/products/jasmine-pear,pear engagement rings,Jasmine - Pear,"Rs. 98,900.00","https://zenmoissanite.com/cdn/shop/files/10.5x7.5mm_2.6cte_CrushedIcePear5-prongJasmine_1.7mmplainband_-14kWG-Size5.jpg, https://zenmoissanite.com/cdn/shop/files/10.5x7.5mm_2.6cte_CrushedIcePear5-prongJasmine_1.7mmplainband_-14kWG-Size52.jpg, https://zenmoissanite.com/cdn/shop/files/10.5x7.5mm_2.6cte_CrushedIcePear5-prongJasmine_1.7mmplainband_-14kWG-Size53.jpg, https://zenmoissanite.com/cdn/shop/files/10.5x7.5mm_2.6cte_CrushedIcePear5-prongJasmine_1.7mmplainband_-14kWG-Size5-Lifestyle-1.jpg, https://zenmoissanite.com/cdn/shop/files/10.5x7.5mm_2.6cte_CrushedIcePear5-prongJasmine_1.7mmplainband_-14kWG-Size5-Lifestyle-2.jpg, https://zenmoissanite.com/cdn/shop/files/10.5x7.5mm_2.6cte_CrushedIcePear5-prongJasmine_1.7mmplainband_-14kWG-Size5-Lifestyle-3.jpg, https://zenmoissanite.com/cdn/shop/files/10.5x7.5mm_2.6cte_CrushedIcePear5-prongJasmine_1.7mmplainband_-14kWG-Size5-Lifestyle-4.jpg, https://zenmoissanite.com/cdn/shop/files/preview_images/7add393ba69c4d5683b285c4f014d349.thumbnail.0000000000_610x.jpg, https://zenmoissanite.com/cdn/shop/files/preview_images/d5bd58956bdd4ad593738d4a06503087.thumbnail.0000000000_610x.jpg",https://zenmoissanite.com/cdn/shop/videos/c/vp/7add393ba69c4d5683b285c4f014d349/7add393ba69c4d5683b285c4f014d349.HD-1080p-7.2Mbps-25585606.mp4?v=0,,,"['MOISSANITE', 'LAB-DIAMOND']","14k rose gold, 14k yellow gold,  14k white gold,  18k rose gold, 18k yellow gold, 18k white gold, platinum","THIN, STANDARD, WIDE, CUSTOM",", 3.25, 3.5, 3.75, 4, 4.25, 4.5, 4.75, 5, 5.25, 5.5, 5.75, 6, 6.25, 6.5, 6.75, 7, 7.25, 7.5, 7.75, 8, 8.25, 8.50, 8.75, 9, 9.25, 9.5, 9.75, 10, 10.25, 10.5, 10.75, 11, 11.25, 11.5, 11.75, 12, 12.25, 12.5, 12.75, 12.75+ Contact our team for additional sizes",10.5x7.5mm pear crushed ice,14k white gold,Shown on a size 4.75 finger,Metal of choice + Moissanite from Zen Moissanite,Pear (crushed ice or brilliant),VVS1-VVS2,Colorless (DEF),"Our signature solitaire design featuring claw prongs and a hidden halo.DisclaimerDue to the invisible gallery feature, this ring design cannot undergo a standard resizing process. Please note that recasting is required for any size adjustments, whether it is to size up or down."
https://zenmoissanite.com/collections/pear-engagement-rings/products/jenny-pear,pear engagement rings,Jenny - Pear,"Rs. 194,600.00","https://zenmoissanite.com/cdn/shop/files/12x8mm_3.6cte_BrilliantPear5-prongJenny_2mm3_4paveband_-Platinum-Size8.25_1.jpg, https://zenmoissanite.com/cdn/shop/files/12x8mm_3.6cte_BrilliantPear5-prongJenny_2mm3_4paveband_-Platinum-Size8.25_3.jpg, https://zenmoissanite.com/cdn/shop/files/12x8mm_3.6cte_BrilliantPear5-prongJenny_2mm3_4paveband_-Platinum-Size8.25_2.jpg, https://zenmoissanite.com/cdn/shop/files/12x8mm_3.6cte_BrilliantPear5-prongJenny_2mm3_4paveband_-Platinum-Size8.25.jpg, https://zenmoissanite.com/cdn/shop/files/12x8mm_3.6cte_BrilliantPear5-prongJenny_2mm3_4paveband_-Platinum-Size8.25_14.jpg, https://zenmoissanite.com/cdn/shop/files/12x8mm_3.6cte_BrilliantPear5-prongJenny_2mm3_4paveband_-Platinum-Size8.25_12.jpg, https://zenmoissanite.com/cdn/shop/files/12x8mm_3.6cte_BrilliantPear5-prongJenny_2mm3_4paveband_-Platinum-Size8.25_5.jpg, https://zenmoissanite.com/cdn/shop/files/12x8mm_3.6cte_BrilliantPear5-prongJenny_2mm3_4paveband_-Platinum-Size8.25_7.jpg, https://zenmoissanite.com/cdn/shop/files/12x8mm_3.6cte_BrilliantPear5-prongJenny_2mm3_4paveband_-Platinum-Size8.25_11.jpg, https://zenmoissanite.com/cdn/shop/files/12x8mm_3.6cte_BrilliantPear5-prongJenny_2mm3_4paveband_-Platinum-Size8.25_4.jpg, https://zenmoissanite.com/cdn/shop/files/12x8mm_3.6cte_BrilliantPear5-prongJenny_2mm3_4paveband_-Platinum-Size8.25_8.jpg, https://zenmoissanite.com/cdn/shop/files/12x8mm_3.6cte_BrilliantPear5-prongJenny_2mm3_4paveband_-Platinum-Size8.25_10.jpg, https://zenmoissanite.com/cdn/shop/files/12x8mm_3.6cte_BrilliantPear5-prongJenny_2mm3_4paveband_-Platinum-Size8.25_13.jpg, https://zenmoissanite.com/cdn/shop/files/12x8mm_3.6cte_BrilliantPear5-prongJenny_2mm3_4paveband_-Platinum-Size8.25_6.jpg, https://zenmoissanite.com/cdn/shop/files/12x8mm_3.6cte_BrilliantPear5-prongJenny_2mm3_4paveband_-Platinum-Size8.25_9.jpg, https://zenmoissanite.com/cdn/shop/files/preview_images/fae1b16ab9d442ab8bbb172f527fe47d.thumbnail.0000000000_610x.jpg, https://zenmoissanite.com/cdn/shop/files/preview_images/4db3df59b1af4d9aba1c568118569d28.thumbnail.0000000000_610x.jpg, https://zenmoissanite.com/cdn/shop/files/preview_images/15dfaa3f6e8446aaa061af230af4a09b.thumbnail.0000000000_610x.jpg",https://zenmoissanite.com/cdn/shop/videos/c/vp/fae1b16ab9d442ab8bbb172f527fe47d/fae1b16ab9d442ab8bbb172f527fe47d.HD-1080p-7.2Mbps-21526277.mp4?v=0,,,"['MOISSANITE', 'LAB-DIAMOND']","14k rose gold, 14k yellow gold,  14k white gold,  18k rose gold, 18k yellow gold, 18k white gold, platinum","THIN, STANDARD, WIDE, CUSTOM",", 3.25, 3.5, 3.75, 4, 4.25, 4.5, 4.75, 5, 5.25, 5.5, 5.75, 6, 6.25, 6.5, 6.75, 7, 7.25, 7.5, 7.75, 8, 8.25, 8.50, 8.75, 9, 9.25, 9.5, 9.75, 10, 10.25, 10.5, 10.75, 11, 11.25, 11.5, 11.75, 12, 12.25, 12.5, 12.75, 12.75+ Contact our team for additional sizes",12x8mm brilliant pear,platinum,,Metal of choice + Moissanite from Zen Moissanite,Pear (crushed ice or brilliant),VVS1-VVS2,Colorless (DEF),Ring design featuring claw prongs and a hidden halo.
https://zenmoissanite.com/collections/pear-engagement-rings/products/lauren-marquise-pear,pear engagement rings,Lauren - Marquise & Pear,"Rs. 240,900.00","https://zenmoissanite.com/cdn/shop/files/10x7mmBrilliantPear3-prong_12x6mmMarquise4-prong_3.9ctetotalweight_Lauren_1.6mmplainband_-14kWG-Size53_1.jpg, https://zenmoissanite.com/cdn/shop/files/10x7mmBrilliantPear3-prong_12x6mmMarquise4-prong_3.9ctetotalweight_Lauren_1.6mmplainband_-14kWG-Size52.jpg, https://zenmoissanite.com/cdn/shop/files/10x7mmBrilliantPear3-prong_12x6mmMarquise4-prong_3.9ctetotalweight_Lauren_1.6mmplainband_-14kWG-Size51.jpg, https://zenmoissanite.com/cdn/shop/files/10x7mmBrilliantPear3-prong_12x6mmMarquise4-prong_3.9ctetotalweight_Lauren_1.6mmplainband_-14kWG-Size53.jpg, https://zenmoissanite.com/cdn/shop/files/10x7mmBrilliantPear3-prong_12x6mmMarquise4-prong_3.9ctetotalweight_Lauren_1.6mmplainband_-14kWG-Size5.jpg, https://zenmoissanite.com/cdn/shop/files/10x7mmBrilliantPear3-prong_12x6mmMarquise4-prong_3.9ctetotalweight_Lauren_1.6mmplainband_-14kWG-Size5_b95932b3-8449-404b-b1b9-4df3ede5c4fe.jpg, https://zenmoissanite.com/cdn/shop/files/preview_images/4233180498084bfbbffff9ad5aad33a5.thumbnail.0000000000_610x.jpg, https://zenmoissanite.com/cdn/shop/files/preview_images/562ca892d1d94ca8a7671d29cb1eab3c.thumbnail.0000000000_610x.jpg, https://zenmoissanite.com/cdn/shop/files/preview_images/ea5fde14991143428693c05bfcf939a9.thumbnail.0000000000_610x.jpg, https://zenmoissanite.com/cdn/shop/files/preview_images/a9bc4c1e3bfc489c9c9ae552b02e7003.thumbnail.0000000000_610x.jpg",https://zenmoissanite.com/cdn/shop/videos/c/vp/4233180498084bfbbffff9ad5aad33a5/4233180498084bfbbffff9ad5aad33a5.HD-1080p-7.2Mbps-38846144.mp4?v=0,,"2cte total weight, 2.5cte total weight, 3cte total weight, 4cte total weight, 5cte total weight",,,,,4ct total weight version (10x7mm pear brilliant & 12x6mm marquise),in 14k white gold,Shown on a size 4.75 finger,Metal of choice + Moissanite from Zen Moissanite,Pear & marquise (customizable),VVS1/VVS2,Colorless (DEF),Toi & Moi Ring
https://zenmoissanite.com/collections/pear-engagement-rings/products/the-lindsey-pear-rose-cut-split-shank-ring,pear engagement rings,Lindsey - Rose Pear,"Rs. 157,600.00","https://zenmoissanite.com/cdn/shop/products/15x10mm_7cte_ColourlessRoseCutPear5-prongLindsey_1.6mmplainband_-Platinum-Size10.5.jpg, https://zenmoissanite.com/cdn/shop/products/15x10mm_7cte_ColourlessRoseCutPear5-prongLindsey_1.6mmplainband_-Platinum-Size10.5-2.jpg, https://zenmoissanite.com/cdn/shop/products/15x10mm_7cte_ColourlessRoseCutPear5-prongLindsey_1.6mmplainband_-Platinum-Size10.5-3.jpg, https://zenmoissanite.com/cdn/shop/products/15x10mm_7cte_ColourlessRoseCutPear5-prongLindsey_1.6mmplainband_-Platinum-Size10.5_f32b92c8-e6d4-47bc-92a0-72ce5eff9cdc.jpg, https://zenmoissanite.com/cdn/shop/products/15x10mm_7cte_ColourlessRoseCutPear5-prongLindsey_1.6mmplainband_-Platinum-Size10.5_-2.jpg, https://zenmoissanite.com/cdn/shop/products/15x10mm_7cte_ColourlessRoseCutPear5-prongLindsey_1.6mmplainband_-Platinum-Size10.5Lifestyle.jpg, https://zenmoissanite.com/cdn/shop/products/15x10mm_7cte_ColourlessRoseCutPear5-prongLindsey_1.6mmplainband_-Platinum-Size10.5Lifestyle-3.jpg, https://zenmoissanite.com/cdn/shop/products/15x10mm_7cte_ColourlessRoseCutPear5-prongLindsey_1.6mmplainband_-Platinum-Size10.5Lifestyle-8.jpg, https://zenmoissanite.com/cdn/shop/products/15x10mm_7cte_ColourlessRoseCutPear5-prongLindsey_1.6mmplainband_-Platinum-Size10.5Lifestyle-9.jpg, https://zenmoissanite.com/cdn/shop/products/15x10mm_7cte_ColourlessRoseCutPear5-prongLindsey_1.6mmplainband_-Platinum-Size10.5Lifestyle-12.jpg, https://zenmoissanite.com/cdn/shop/products/f9fdd80ff89a4256b42e690f57910394.thumbnail.0000000000_610x.jpg, https://zenmoissanite.com/cdn/shop/products/bf20972e7b074b82bf1690376742f050.thumbnail.0000000000_610x.jpg",https://zenmoissanite.com/cdn/shop/videos/c/vp/f9fdd80ff89a4256b42e690f57910394/f9fdd80ff89a4256b42e690f57910394.HD-1080p-7.2Mbps-8391890.mp4?v=0,,"7x5mm (0.5cte), 8x5mm (0.8cte), 8x6mm (0.9cte), 9x6mm (1.2cte), 9x7mm (1.5cte), 10x7mm (1.8cte), 10x8mm (2.2cte), 10.5x7.5mm (2.2cte), 11x7mm (2.2cte), 11x8mm (2.9cte), 11x9mm (3.1ct), 12x8mm (3.1ct), 12x9mm (4ct), 12x10mm (4.5ct), 13x8mm (4.3ct), 13x9mm (4.5cte), 13x10mm (5ct), 14x10mm (5.2cte), 15x10mm (6ct)",,,,,15x10mm colourless pear rose cut,platinum,,Metal of choice + Moissanite from Zen Moissanite,Pear rose cut,VVS1/VVS2,Colorless (DEF) or champagne,
https://zenmoissanite.com/collections/pear-engagement-rings/products/the-taylor-pear-in-shield-ring,pear engagement rings,Lizzie - Pear,"Rs. 117,400.00","https://zenmoissanite.com/cdn/shop/products/9x6mmPearBrilliantTaylor-14kWG-Size5.75.jpg, https://zenmoissanite.com/cdn/shop/products/9x6mmPearBrilliantTaylor-14kWG-Size5.75-2.jpg, https://zenmoissanite.com/cdn/shop/products/9x6mmPearBrilliantTaylor-14kWG-Size5.75-3.jpg, https://zenmoissanite.com/cdn/shop/products/9x6mmPearBrilliantTaylor-14kWG-Size5.75-4.jpg, https://zenmoissanite.com/cdn/shop/products/9x6mmPearBrilliantTaylor-14kWG-Size5.75-3_4f381b28-714d-47b3-abd3-4dabd3d70720.jpg, https://zenmoissanite.com/cdn/shop/products/9x6mmPearBrilliantTaylor-14kWG-Size5.75Lifestyle-3.jpg, https://zenmoissanite.com/cdn/shop/products/9x6mmPearBrilliantTaylor-14kWG-Size5.75Lifestyle-2.jpg, https://zenmoissanite.com/cdn/shop/products/9x6mmPearBrilliantTaylor-14kWG-Size5.75Lifestyle-5.jpg, https://zenmoissanite.com/cdn/shop/products/9x6mmPearBrilliantTaylor-14kWG-Size5.75Lifestyle-8.jpg, https://zenmoissanite.com/cdn/shop/products/64fb07eb4b3d4deeb94b9d60c9ec55f3.thumbnail.0000000_610x.jpg",https://zenmoissanite.com/cdn/shop/videos/c/vp/64fb07eb4b3d4deeb94b9d60c9ec55f3/64fb07eb4b3d4deeb94b9d60c9ec55f3.HD-1080p-7.2Mbps.mp4?v=0,,,"['MOISSANITE', 'LAB-DIAMOND']","14k rose gold, 14k yellow gold,  14k white gold,  18k rose gold, 18k yellow gold, 18k white gold, platinum","THIN, STANDARD, WIDE, CUSTOM",", 3.25, 3.5, 3.75, 4, 4.25, 4.5, 4.75, 5, 5.25, 5.5, 5.75, 6, 6.25, 6.5, 6.75, 7, 7.25, 7.5, 7.75, 8, 8.25, 8.50, 8.75, 9, 9.25, 9.5, 9.75, 10, 10.25, 10.5, 10.75, 11, 11.25, 11.5, 11.75, 12, 12.25, 12.5, 12.75, 12.75+ Contact our team for additional sizes",9x6mm pear brilliant,14k white gold,Shown on a size 4.75 finger,Metal of choice + Moissanite from Zen Moissanite,Pear (crushed ice or brilliant),VVS1-VVS2,Colorless (DEF),
https://zenmoissanite.com/collections/pear-engagement-rings/products/michelle-pear,pear engagement rings,Michelle - Pear,"Rs. 117,400.00","https://zenmoissanite.com/cdn/shop/products/InStock_10x7mm_2.1cte_BrilliantPear5-prongMichelle_1.6mmplainband_-14kYG-Size6.jpg, https://zenmoissanite.com/cdn/shop/products/InStock_10x7mm_2.1cte_BrilliantPear5-prongMichelle_1.6mmplainband_-14kYG-Size6-2.jpg, https://zenmoissanite.com/cdn/shop/products/InStock_10x7mm_2.1cte_BrilliantPear5-prongMichelle_1.6mmplainband_-14kYG-Size6-3.jpg, https://zenmoissanite.com/cdn/shop/products/InStock_10x7mm_2.1cte_BrilliantPear5-prongMichelle_1.6mmplainband_-14kYG-Size6-4.jpg, https://zenmoissanite.com/cdn/shop/products/InStock_10x7mm_2.1cte_BrilliantPear5-prongMichelle_1.6mmplainband_-14kYG-Size6-5.jpg, https://zenmoissanite.com/cdn/shop/products/InStock_10x7mm_2.1cte_BrilliantPear5-prongMichelle_1.6mmplainband_-14kYG-Size6Closeup-2.jpg, https://zenmoissanite.com/cdn/shop/products/InStock_10x7mm_2.1cte_BrilliantPear5-prongMichelle_1.6mmplainband_-14kYG-Size6Closeup.jpg, https://zenmoissanite.com/cdn/shop/products/InStock_10x7mm_2.1cte_BrilliantPear5-prongMichelle_1.6mmplainband_-14kYG-Size6Closeup-3.jpg, https://zenmoissanite.com/cdn/shop/products/InStock_10x7mm_2.1cte_BrilliantPear5-prongMichelle_1.6mmplainband_-14kYG-Size6Closeup-4.jpg, https://zenmoissanite.com/cdn/shop/products/InStock_10x7mm_2.1cte_BrilliantPear5-prongMichelle_1.6mmplainband_-14kYG-Size6Closeup-5.jpg, https://zenmoissanite.com/cdn/shop/products/InStock_10x7mm_2.1cte_BrilliantPear5-prongMichelle_1.6mmplainband_-14kYG-Size6Lifestyle-4.jpg, https://zenmoissanite.com/cdn/shop/products/InStock_10x7mm_2.1cte_BrilliantPear5-prongMichelle_1.6mmplainband_-14kYG-Size6Lifestyle.jpg, https://zenmoissanite.com/cdn/shop/products/InStock_10x7mm_2.1cte_BrilliantPear5-prongMichelle_1.6mmplainband_-14kYG-Size6Lifestyle-3.jpg, https://zenmoissanite.com/cdn/shop/products/InStock_10x7mm_2.1cte_BrilliantPear5-prongMichelle_1.6mmplainband_-14kYG-Size6Lifestyle-2.jpg, https://zenmoissanite.com/cdn/shop/products/InStock_10x7mm_2.1cte_BrilliantPear5-prongMichelle_1.6mmplainband_-14kYG-Size6Lifestyle-5.jpg, https://zenmoissanite.com/cdn/shop/products/InStock_10x7mm_2.1cte_BrilliantPear5-prongMichelle_1.6mmplainband_-14kYG-Size6Lifestyle-6.jpg",,,,"['MOISSANITE', 'LAB-DIAMOND']","14k rose gold, 14k yellow gold,  14k white gold,  18k rose gold, 18k yellow gold, 18k white gold, platinum","THIN, STANDARD, WIDE, CUSTOM",", 3.25, 3.5, 3.75, 4, 4.25, 4.5, 4.75, 5, 5.25, 5.5, 5.75, 6, 6.25, 6.5, 6.75, 7, 7.25, 7.5, 7.75, 8, 8.25, 8.50, 8.75, 9, 9.25, 9.5, 9.75, 10, 10.25, 10.5, 10.75, 11, 11.25, 11.5, 11.75, 12, 12.25, 12.5, 12.75, 12.75+ Contact our team for additional sizes",10x7mm pear brilliant,14k yellow gold,Shown as a set: 1.5mm Juliane band & 10x7mm pear brilliant Michelle ring (both in 14k yellow gold).,Metal of choice + Moissanite from Zen Moissanite,Pear (crushed ice or brilliant),VVS1/VVS2,Colorless (DEF),Our signature solitaire design featuring claw prongs and a hidden halo.
https://zenmoissanite.com/collections/pear-engagement-rings/products/the-nicola-pear-3-stone-ring,pear engagement rings,Nicola - Pear,"Rs. 169,300.00","https://zenmoissanite.com/cdn/shop/products/10x8mm_5.5x3.5mmPearBrilliantNicola-14kWG-Size7_0ba53bf6-fdf9-44e0-85b1-413dffcb5ec3.jpg, https://zenmoissanite.com/cdn/shop/products/10x8mm_5.5x3.5mmPearBrilliantNicola-14kWG-Size7-2.jpg, https://zenmoissanite.com/cdn/shop/products/10x8mm_5.5x3.5mmPearBrilliantNicola-14kWG-Size7-3.jpg, https://zenmoissanite.com/cdn/shop/products/10x8mm_5.5x3.5mmPearBrilliantNicola-14kWG-Size7-4.jpg, https://zenmoissanite.com/cdn/shop/products/10x8mm_5.5x3.5mmPearBrilliantNicola-14kWG-Size7-5.jpg, https://zenmoissanite.com/cdn/shop/products/10x8mm_5.5x3.5mmPearBrilliantNicola-14kWG-Size7Lifestyle-4.jpg, https://zenmoissanite.com/cdn/shop/products/10x8mm_5.5x3.5mmPearBrilliantNicola-14kWG-Size7Lifestyle-5.jpg, https://zenmoissanite.com/cdn/shop/products/10x8mm_5.5x3.5mmPearBrilliantNicola-14kWG-Size7Lifestyle-8.jpg, https://zenmoissanite.com/cdn/shop/products/10x8mm_5.5x3.5mmPearBrilliantNicola-14kWG-Size7Lifestyle.jpg, https://zenmoissanite.com/cdn/shop/products/fba89096610d4de0b5e9b458399e8973.thumbnail.0000000_610x.jpg, https://zenmoissanite.com/cdn/shop/products/41d15e79ed3c4f02a7f1551ba7c66acf.thumbnail.0000000_610x.jpg",https://zenmoissanite.com/cdn/shop/videos/c/vp/fba89096610d4de0b5e9b458399e8973/fba89096610d4de0b5e9b458399e8973.HD-1080p-7.2Mbps.mp4?v=0,,"1.2cte total weight, 1.6cte total weight, 2.3cte total weight, 2.8cte total weight, 3.5cte total weight, 4cte total weight",,,,,10x8mm pear brilliant center stone & 5.5x3.5mm side stones,14k white gold,Shown on a size 4.75 finger,Metal of choice + Moissanite from Zen Moissanite,Pear (brilliant or crushed ice),VVS1-VVS2,Colorless (DEF),Stone layouts listed (customizable):1.2cte total weight3x2mm pear | 8x6mm pear | 3x2mm pear1.6cte total weight3x2mm pear | 9x6mm pear | 3x2mm pear2.3cte total weight4x2.5mm pear | 10x7mm pear | 4x2.5mm pear2.8cte total weight4x2.5mm pear | 11x7mm pear | 4x2.5mm pear3.5cte total weight5.5x3mm pear | 11.5x7.5mm pear | 5.5x3mm pear4cte total weight5.5x3mm pear | 12x8mm pear | 5.5x3mm pear
https://zenmoissanite.com/collections/pear-engagement-rings/products/nicola-round-brilliant-h-a-side-pears,pear engagement rings,Nicola - Round & Pear,"Rs. 165,000.00","https://zenmoissanite.com/cdn/shop/files/8.5mmOECRound_5x3mmBrilliantPear_3ctetotalweight_Nicola_1.7mmplainband_-14kWG-Size6.5.jpg, https://zenmoissanite.com/cdn/shop/files/8.5mmOECRound_5x3mmBrilliantPear_3ctetotalweight_Nicola_1.7mmplainband_-14kWG-Size6.52.jpg, https://zenmoissanite.com/cdn/shop/files/8.5mmOECRound_5x3mmBrilliantPear_3ctetotalweight_Nicola_1.7mmplainband_-14kWG-Size6.53.jpg, https://zenmoissanite.com/cdn/shop/files/8.5mmOECRound_5x3mmBrilliantPear_3ctetotalweight_Nicola_1.7mmplainband_-14kWG-Size6.5Lifestyle-1.jpg, https://zenmoissanite.com/cdn/shop/files/8.5mmOECRound_5x3mmBrilliantPear_3ctetotalweight_Nicola_1.7mmplainband_-14kWG-Size6.5Lifestyle-2.jpg, https://zenmoissanite.com/cdn/shop/files/8.5mmOECRound_5x3mmBrilliantPear_3ctetotalweight_Nicola_1.7mmplainband_-14kWG-Size6.5Lifestyle-3.jpg, https://zenmoissanite.com/cdn/shop/files/8.5mmOECRound_5x3mmBrilliantPear_3ctetotalweight_Nicola_1.7mmplainband_-14kWG-Size6.5Lifestyle-4.jpg, https://zenmoissanite.com/cdn/shop/files/8.5mmOECRound_5x3mmBrilliantPear_3ctetotalweight_Nicola_1.7mmplainband_-14kWG-Size6.5Lifestyle-5.jpg, https://zenmoissanite.com/cdn/shop/files/8.5mmOECRound_5x3mmBrilliantPear_3ctetotalweight_Nicola_1.7mmplainband_-14kWG-Size6.5Lifestyle-6.jpg, https://zenmoissanite.com/cdn/shop/files/8.5mmOECRound_5x3mmBrilliantPear_3ctetotalweight_Nicola_1.7mmplainband_-14kWG-Size6.5Lifestyle-7.jpg, https://zenmoissanite.com/cdn/shop/files/8.5mmOECRound_5x3mmBrilliantPear_3ctetotalweight_Nicola_1.7mmplainband_-14kWG-Size6.5Lifestyle-8.jpg, https://zenmoissanite.com/cdn/shop/files/8.5mmOECRound_5x3mmBrilliantPear_3ctetotalweight_Nicola_1.7mmplainband_-14kWG-Size6.5Lifestyle-9.jpg, https://zenmoissanite.com/cdn/shop/files/8.5mmOECRound_5x3mmBrilliantPear_3ctetotalweight_Nicola_1.7mmplainband_-14kWG-Size6.5Lifestyle-10.jpg, https://zenmoissanite.com/cdn/shop/files/preview_images/170eee435d944fc2a9cde765c82d07f4.thumbnail.0000000000_610x.jpg, https://zenmoissanite.com/cdn/shop/files/preview_images/1b019a8ca0db402fb54c08fe754fca85.thumbnail.0000000000_610x.jpg",https://zenmoissanite.com/cdn/shop/videos/c/vp/170eee435d944fc2a9cde765c82d07f4/170eee435d944fc2a9cde765c82d07f4.HD-1080p-7.2Mbps-27058334.mp4?v=0,,"1.1cte total weight, 1.35cte total weight, 1.7cte total weight, 2.4cte total weight, 3.2cte total weight, 3.7cte total weight, 4.6cte total weight",,,,,3cte total weight,5x3mm pear | 8.5mm OEC | 5x3mm pear,14k white gold,Moissanite from Zen Moissanite,Round (choice of round brilliant/H&A or Old European Cut/OEC) center stone & side pear brilliants,VVS1/VVS2,Colorless (DEF),Stone layouts listed (customizable):1.1cte total weight3x2mm pear | 6.5mm H&A | 3x2mm pear1.35cte total weight3x2mm pear | 7mm H&A | 3x2mm pear1.7cte total weight4x2mm pear | 7.5mm H&A | 4x2mm pear2.4cte total weight5x3mm pear | 8mm H&A | 5x3mm pear3.2cte total weight6x4mm pear | 8.5mm H&A | 6x4mm pear3.7cte total weight6x4mm pear | 9mm H&A | 6x4mm pear4.6cte total weight7x5mm pear | 9.5mm H&A | 7x5mm pear
https://zenmoissanite.com/collections/pear-engagement-rings/products/ophelia-pear-1,pear engagement rings,Ophelia (Pavé) - Pear,"Rs. 154,500.00","https://zenmoissanite.com/cdn/shop/files/11x7.5mm_2.95cte_WhiteMoissaniteBrilliantPear3-prongOphelia_1.7mm3-4paveband_-14kYG-Size6_cb803d12-c5cc-47f0-8da5-a0eaa8ed244c.jpg, https://zenmoissanite.com/cdn/shop/files/11x7.5mm_2.95cte_WhiteMoissaniteBrilliantPear3-prongOphelia_1.7mm3-4paveband_-14kYG-Size6-2_dfbce466-1b73-4498-b207-077bca4c39e9.jpg, https://zenmoissanite.com/cdn/shop/files/11x7.5mm_2.95cte_WhiteMoissaniteBrilliantPear3-prongOphelia_1.7mm3-4paveband_-14kYG-Size6-3_60f3d29e-f574-4f70-a1dc-7d5fe1425b49.jpg, https://zenmoissanite.com/cdn/shop/files/11x7.5mm_2.95cte_WhiteMoissaniteBrilliantPear3-prongOphelia_1.7mm3-4paveband_-14kYG-Size6-4_2bed6240-d6b4-4f10-8a03-04b1621d46f1.jpg, https://zenmoissanite.com/cdn/shop/files/11x7.5mm_2.95cte_WhiteMoissaniteBrilliantPear3-prongOphelia_1.7mm3-4paveband_-14kYG-Size6-5_dbe04ec8-e6db-49fe-affb-97a91ddb3568.jpg, https://zenmoissanite.com/cdn/shop/files/11x7.5mm_2.95cte_BrilliantPear3-prongOphelia_1.7mm3-4paveband_-14kYG-Size6Lifestyle-2_2bff7db5-b1c1-43ad-a392-b0fc1febc618.jpg, https://zenmoissanite.com/cdn/shop/files/11x7.5mm_2.95cte_BrilliantPear3-prongOphelia_1.7mm3-4paveband_-14kYG-Size6Lifestyle-3_8d0db2f8-173f-425a-a4cb-f117fd7afbd0.jpg, https://zenmoissanite.com/cdn/shop/files/11x7.5mm_2.95cte_BrilliantPear3-prongOphelia_1.7mm3-4paveband_-14kYG-Size6Lifestyle-4_31a6c909-e7b9-4cfa-9ae1-c8b55c0606e7.jpg, https://zenmoissanite.com/cdn/shop/files/11x7.5mm_2.95cte_BrilliantPear3-prongOphelia_1.7mm3-4paveband_-14kYG-Size6Lifestyle-5_8b78dc28-9292-43aa-91e3-ae6de0dcf290.jpg, https://zenmoissanite.com/cdn/shop/files/11x7.5mm_2.95cte_BrilliantPear3-prongOphelia_1.7mm3-4paveband_-14kYG-Size6Lifestyle-6_4ea83575-21dc-4c2f-b140-130eb7e1d301.jpg, https://zenmoissanite.com/cdn/shop/files/11x7.5mm_2.95cte_BrilliantPear3-prongOphelia_1.7mm3-4paveband_-14kYG-Size6Lifestyle_65bdd314-dcd0-4bc8-a2b1-c2ed2a85590b.jpg, https://zenmoissanite.com/cdn/shop/files/preview_images/55ac9ec16cb14c82aa4255497e9cabd5.thumbnail.0000000000_610x.jpg",https://zenmoissanite.com/cdn/shop/videos/c/vp/55ac9ec16cb14c82aa4255497e9cabd5/55ac9ec16cb14c82aa4255497e9cabd5.HD-1080p-7.2Mbps-21037808.mp4?v=0,,,"['MOISSANITE', 'LAB-DIAMOND']","14k rose gold, 14k yellow gold,  14k white gold,  18k rose gold, 18k yellow gold, 18k white gold, platinum","THIN, STANDARD, WIDE, CUSTOM",", 3.25, 3.5, 3.75, 4, 4.25, 4.5, 4.75, 5, 5.25, 5.5, 5.75, 6, 6.25, 6.5, 6.75, 7, 7.25, 7.5, 7.75, 8, 8.25, 8.50, 8.75, 9, 9.25, 9.5, 9.75, 10, 10.25, 10.5, 10.75, 11, 11.25, 11.5, 11.75, 12, 12.25, 12.5, 12.75, 12.75+ Contact our team for additional sizes",11x7.5mm (2.95cte) pear brilliant (Colourless) Zen Moissanite,14k yellow gold,3/4 pavé,Moissanite from Zen Moissanite,Pear,VVS1-VVS2,Colorless (DEF),"Pavé covers 3/4 of band (customizable upon request).Please note that all of our standard ring settings come with moissanite accent stones (band pavé stones, halo stones, hidden halo, etc.) even if you select a lab-diamond center stone. If you are interested in lab-diamond accent stones, our team can provide a quote based off of your order after your order has been placed. Please notify our team of your interest for lab-diamond accent stones in the notes section of the order, or via email at team@zenmoissanite.com"
https://zenmoissanite.com/collections/pear-engagement-rings/products/ophelia-pear,pear engagement rings,Ophelia (Pavé) - Pear (Teal),"Rs. 154,500.00","https://zenmoissanite.com/cdn/shop/files/InStock_11x7.5mm_2.9cte_BrilliantPear3-prongOphelia_1.7mm3_4paveband_-14kRG-Size5.5_48b7d35d-7d34-43b0-89b5-8ec9248dd7f8.jpg, https://zenmoissanite.com/cdn/shop/files/InStock_11x7.5mm_2.9cte_BrilliantPear3-prongOphelia_1.7mm3_4paveband_-14kRG-Size5.5-2_cc2085ec-706b-4c85-b7c3-29a3abb720cb.jpg, https://zenmoissanite.com/cdn/shop/files/InStock_11x7.5mm_2.9cte_BrilliantPear3-prongOphelia_1.7mm3_4paveband_-14kRG-Size5.5-3_e131f3d5-db8a-4d07-9382-f1adca1dbb50.jpg, https://zenmoissanite.com/cdn/shop/files/InStock_11x7.5mm_2.9cte_BrilliantPear3-prongOphelia_1.7mm3_4paveband_-14kRG-Size5.5-4_01043650-ccda-4395-959c-3bc29ebc983e.jpg, https://zenmoissanite.com/cdn/shop/files/InStock_11x7.5mm_2.9cte_BrilliantPear3-prongOphelia_1.7mm3_4paveband_-14kRG-Size5.5Lifestyle-5_9ea243de-9ab0-4531-b961-c36abfec514b.jpg, https://zenmoissanite.com/cdn/shop/files/InStock_11x7.5mm_2.9cte_BrilliantPear3-prongOphelia_1.7mm3_4paveband_-14kRG-Size5.5Lifestyle-3_0f209f9e-f604-4cb5-a159-1404d381e9de.jpg, https://zenmoissanite.com/cdn/shop/files/InStock_11x7.5mm_2.9cte_BrilliantPear3-prongOphelia_1.7mm3_4paveband_-14kRG-Size5.5Lifestyle-2_523e7adf-23c8-4ba9-8f3e-385de3e2b45d.jpg, https://zenmoissanite.com/cdn/shop/files/InStock_11x7.5mm_2.9cte_BrilliantPear3-prongOphelia_1.7mm3_4paveband_-14kRG-Size5.5Lifestyle_12d4f95b-6401-4277-a596-ce523101de60.jpg, https://zenmoissanite.com/cdn/shop/products/8c6c8d6011b34d0e85c439d17a84cdf4.thumbnail.0000000000_610x.jpg",https://zenmoissanite.com/cdn/shop/videos/c/vp/8c6c8d6011b34d0e85c439d17a84cdf4/8c6c8d6011b34d0e85c439d17a84cdf4.HD-1080p-7.2Mbps-9711929.mp4?v=0,,,,,,,11x7.5mm (2.95cte) pear brilliant (dark green/blue) Zen Moissanite,14k rose gold,3/4 pavé,Moissanite from Zen Moissanite,Pear,VVS1-VVS2,Teal,"Pavé covers 3/4 of band (customizable upon request).Please note that all of our standard ring settings come with moissanite accent stones (band pavé stones, halo stones, hidden halo, etc.) even if you select a lab-diamond center stone. If you are interested in lab-diamond accent stones, our team can provide a quote based off of your order after your order has been placed. Please notify our team of your interest for lab-diamond accent stones in the notes section of the order, or via email at team@zenmoissanite.com"
https://zenmoissanite.com/collections/pear-engagement-rings/products/ophelia-pear-teal,pear engagement rings,Ophelia - Pear (Teal),"Rs. 123,600.00","https://zenmoissanite.com/cdn/shop/files/10x7mm_2.1cte_TealBrilliantPear3-prongOphelia_1.7mmplainband_-14kWG-Size63.jpg, https://zenmoissanite.com/cdn/shop/files/10x7mm_2.1cte_TealBrilliantPear3-prongOphelia_1.7mmplainband_-14kWG-Size64.jpg, https://zenmoissanite.com/cdn/shop/files/10x7mm_2.1cte_TealBrilliantPear3-prongOphelia_1.7mmplainband_-14kWG-Size6.jpg, https://zenmoissanite.com/cdn/shop/files/10x7mm_2.1cte_TealBrilliantPear3-prongOphelia_1.7mmplainband_-14kWG-Size62.jpg, https://zenmoissanite.com/cdn/shop/files/10x7mm_2.1cte_TealBrilliantPear3-prongOphelia_1.7mmplainband_-14kWG-Size6-Lifestyles-1.jpg, https://zenmoissanite.com/cdn/shop/files/10x7mm_2.1cte_TealBrilliantPear3-prongOphelia_1.7mmplainband_-14kWG-Size6-Lifestyles-2.jpg, https://zenmoissanite.com/cdn/shop/files/10x7mm_2.1cte_TealBrilliantPear3-prongOphelia_1.7mmplainband_-14kWG-Size6-Lifestyles-5.jpg, https://zenmoissanite.com/cdn/shop/files/10x7mm_2.1cte_TealBrilliantPear3-prongOphelia_1.7mmplainband_-14kWG-Size6-Lifestyles-6.jpg, https://zenmoissanite.com/cdn/shop/files/10x7mm_2.1cte_TealBrilliantPear3-prongOphelia_1.7mmplainband_-14kWG-Size6-Lifestyles-3.jpg, https://zenmoissanite.com/cdn/shop/files/10x7mm_2.1cte_TealBrilliantPear3-prongOphelia_1.7mmplainband_-14kWG-Size6-Lifestyles-4.jpg, https://zenmoissanite.com/cdn/shop/files/preview_images/20d145b0bed14b79bfd059ca2dda80b9.thumbnail.0000000000_610x.jpg",https://zenmoissanite.com/cdn/shop/videos/c/vp/20d145b0bed14b79bfd059ca2dda80b9/20d145b0bed14b79bfd059ca2dda80b9.HD-1080p-7.2Mbps-32513317.mp4?v=0,,,,,,,10x7mm (2.1cte) pear brilliant (dark green/blue) Zen Moissanite,14k white gold,1.7mm band,Moissanite from Zen Moissanite,Pear,VVS1-VVS2,Teal,"Please note that all of our standard ring settings come with moissanite accent stones (band pavé stones, halo stones, hidden halo, etc.) even if you select a lab-diamond center stone. If you are interested in lab-diamond accent stones, our team can provide a quote based off of your order after your order has been placed. Please notify our team of your interest for lab-diamond accent stones in the notes section of the order, or via email at team@zenmoissanite.com"
https://zenmoissanite.com/collections/pear-engagement-rings/products/the-randi-pear-solitaire,pear engagement rings,Randi - Pear,"Rs. 89,600.00","https://zenmoissanite.com/cdn/shop/products/12x8mm_3.6cte_CrushedIcePear5-prongRandi_1.7mmplainband_-14kYG-Size7.5.jpg, https://zenmoissanite.com/cdn/shop/products/12x8mm_3.6cte_CrushedIcePear5-prongRandi_1.7mmplainband_-14kYG-Size7.5-2.jpg, https://zenmoissanite.com/cdn/shop/products/12x8mm_3.6cte_CrushedIcePear5-prongRandi_1.7mmplainband_-14kYG-Size7.5-3.jpg, https://zenmoissanite.com/cdn/shop/products/12x8mm_3.6cte_CrushedIcePear5-prongRandi_1.7mmplainband_-14kYG-Size7.5-4.jpg, https://zenmoissanite.com/cdn/shop/products/12x8mm_3.6cte_CrushedIcePear5-prongRandi_1.7mmplainband_-14kYG-Size7.5-5.jpg, https://zenmoissanite.com/cdn/shop/products/12x8mm_3.6cte_CrushedIcePear5-prongRandi_1.7mmplainband_-14kYG-Size7.5Closeup.jpg, https://zenmoissanite.com/cdn/shop/products/12x8mm_3.6cte_CrushedIcePear5-prongRandi_1.7mmplainband_-14kYG-Size7.5Closeup-2.jpg, https://zenmoissanite.com/cdn/shop/products/12x8mm_3.6cte_CrushedIcePear5-prongRandi_1.7mmplainband_-14kYG-Size7.5lifestyle-1.jpg, https://zenmoissanite.com/cdn/shop/products/12x8mm_3.6cte_CrushedIcePear5-prongRandi_1.7mmplainband_-14kYG-Size7.5lifestyle-5.jpg, https://zenmoissanite.com/cdn/shop/products/12x8mm_3.6cte_CrushedIcePear5-prongRandi_1.7mmplainband_-14kYG-Size7.5lifestyle-2.jpg, https://zenmoissanite.com/cdn/shop/products/12x8mm_3.6cte_CrushedIcePear5-prongRandi_1.7mmplainband_-14kYG-Size7.5lifestyle-4.jpg, https://zenmoissanite.com/cdn/shop/products/12x8mm_3.6cte_CrushedIcePear5-prongRandi_1.7mmplainband_-14kYG-Size7.5lifestyle-6.jpg, https://zenmoissanite.com/cdn/shop/products/8cddcafbf9e0499b90842864c8ce209a.thumbnail.0000000000_610x.jpg, https://zenmoissanite.com/cdn/shop/products/ebaa8458603640f2b57da469993aa929.thumbnail.0000000000_610x.jpg",https://zenmoissanite.com/cdn/shop/videos/c/vp/8cddcafbf9e0499b90842864c8ce209a/8cddcafbf9e0499b90842864c8ce209a.HD-1080p-7.2Mbps-9712512.mp4?v=0,,,"['MOISSANITE', 'LAB-DIAMOND']","14k rose gold, 14k yellow gold,  14k white gold,  18k rose gold, 18k yellow gold, 18k white gold, platinum","THIN, STANDARD, WIDE, CUSTOM",", 3.25, 3.5, 3.75, 4, 4.25, 4.5, 4.75, 5, 5.25, 5.5, 5.75, 6, 6.25, 6.5, 6.75, 7, 7.25, 7.5, 7.75, 8, 8.25, 8.50, 8.75, 9, 9.25, 9.5, 9.75, 10, 10.25, 10.5, 10.75, 11, 11.25, 11.5, 11.75, 12, 12.25, 12.5, 12.75, 12.75+ Contact our team for additional sizes","12x8mm (3.6cte) crushed ice pear in 14k yellow gold, shown on a size 7 finger.",,,Metal of choice + Moissanite from Zen Moissanite,Pear (crushed ice or brilliant),VVS1/VVS2,Colorless (DEF),
https://zenmoissanite.com/collections/pear-engagement-rings/products/sienna-toi-moi-ring-marquise-pear,pear engagement rings,Sienna - Marquise & Pear,"Rs. 210,100.00","https://zenmoissanite.com/cdn/shop/files/12.5x6.25mmMarquise_10x6mmCrushedIcePear_4cttotalweight_Sienna_1.7mmplainband_-18kYG-Size5.jpg, https://zenmoissanite.com/cdn/shop/files/12.5x6.25mmMarquise_10x6mmCrushedIcePear_4cttotalweight_Sienna_1.7mmplainband_-18kYG-Size5-Lifestyle-1.jpg, https://zenmoissanite.com/cdn/shop/files/12.5x6.25mmMarquise_10x6mmCrushedIcePear_4cttotalweight_Sienna_1.7mmplainband_-18kYG-Size5-Lifestyle-2.jpg, https://zenmoissanite.com/cdn/shop/files/12.5x6.25mmMarquise_10x6mmCrushedIcePear_4cttotalweight_Sienna_1.7mmplainband_-18kYG-Size5-Lifestyle-3.jpg, https://zenmoissanite.com/cdn/shop/files/preview_images/b3a86f49c5254dcfb79b98e4510754e3.thumbnail.0000000000_610x.jpg, https://zenmoissanite.com/cdn/shop/files/preview_images/c3e0593e77314bcdb28f38b52f6d7e91.thumbnail.0000000000_610x.jpg, https://zenmoissanite.com/cdn/shop/files/preview_images/4c4e9ae41acb4665b3c1abf8f356d809.thumbnail.0000000000_610x.jpg",https://zenmoissanite.com/cdn/shop/videos/c/vp/b3a86f49c5254dcfb79b98e4510754e3/b3a86f49c5254dcfb79b98e4510754e3.HD-1080p-7.2Mbps-25775740.mp4?v=0,,"2cte total weight, 2.5cte total weight, 3cte total weight, 4cte total weight, 5cte total weight",,,,,4ct total weight version (10x6mm pear crushed ice & 12.5x6.25mm marquise),in 18k yellow gold,Shown on a size 4.75 finger,Metal of choice + Moissanite from Zen Moissanite,Pear crushed ice & marquise (customizable),VVS1/VVS2,Colorless (DEF),Toi & Moi Ring
https://zenmoissanite.com/collections/pear-engagement-rings/products/sienna-pear-champagne-colourless,pear engagement rings,Sienna - Pear (Champagne & Colourless),"Rs. 210,100.00","https://zenmoissanite.com/cdn/shop/files/10x6mm_1.8cte_BrilliantPear_ColourlessandChampagne_Sienna_3.6ctetotalweight_1.7mmplainband_-14kYG-Size6-1.jpg, https://zenmoissanite.com/cdn/shop/files/10x6mm_1.8cte_BrilliantPear_ColourlessandChampagne_Sienna_3.6ctetotalweight_1.7mmplainband_-14kYG-Size6-2.jpg, https://zenmoissanite.com/cdn/shop/files/10x6mm_1.8cte_BrilliantPear_ColourlessandChampagne_Sienna_3.6ctetotalweight_1.7mmplainband_-14kYG-Size6-3.jpg, https://zenmoissanite.com/cdn/shop/files/10x6mm_1.8cte_BrilliantPear_ColourlessandChampagne_Sienna_3.6ctetotalweight_1.7mmplainband_-14kYG-Size6-4.jpg, https://zenmoissanite.com/cdn/shop/files/10x6mm_1.8cte_BrilliantPear_ColourlessandChampagne_Sienna_3.6ctetotalweight_1.7mmplainband_-14kYG-Size6-Lifestyles-2.jpg, https://zenmoissanite.com/cdn/shop/files/10x6mm_1.8cte_BrilliantPear_ColourlessandChampagne_Sienna_3.6ctetotalweight_1.7mmplainband_-14kYG-Size6-Lifestyles-3.jpg, https://zenmoissanite.com/cdn/shop/files/10x6mm_1.8cte_BrilliantPear_ColourlessandChampagne_Sienna_3.6ctetotalweight_1.7mmplainband_-14kYG-Size6-Lifestyles-4.jpg, https://zenmoissanite.com/cdn/shop/files/10x6mm_1.8cte_BrilliantPear_ColourlessandChampagne_Sienna_3.6ctetotalweight_1.7mmplainband_-14kYG-Size6-Lifestyles-5.jpg, https://zenmoissanite.com/cdn/shop/files/10x6mm_1.8cte_BrilliantPear_ColourlessandChampagne_Sienna_3.6ctetotalweight_1.7mmplainband_-14kYG-Size6-Lifestyles-6.jpg, https://zenmoissanite.com/cdn/shop/files/10x6mm_1.8cte_BrilliantPear_ColourlessandChampagne_Sienna_3.6ctetotalweight_1.7mmplainband_-14kYG-Size6-Lifestyles-7.jpg, https://zenmoissanite.com/cdn/shop/files/10x6mm_1.8cte_BrilliantPear_ColourlessandChampagne_Sienna_3.6ctetotalweight_1.7mmplainband_-14kYG-Size6-Lifestyles-8.jpg, https://zenmoissanite.com/cdn/shop/files/10x6mm_1.8cte_BrilliantPear_ColourlessandChampagne_Sienna_3.6ctetotalweight_1.7mmplainband_-14kYG-Size6-Lifestyles-9.jpg, https://zenmoissanite.com/cdn/shop/files/10x6mm_1.8cte_BrilliantPear_ColourlessandChampagne_Sienna_3.6ctetotalweight_1.7mmplainband_-14kYG-Size6-Lifestyles-10.jpg, https://zenmoissanite.com/cdn/shop/files/10x6mm_1.8cte_BrilliantPear_ColourlessandChampagne_Sienna_3.6ctetotalweight_1.7mmplainband_-14kYG-Size6-Lifestyles-11.jpg, https://zenmoissanite.com/cdn/shop/files/preview_images/fad6779a0bdb4105a3a383afa2d87740.thumbnail.0000000000_610x.jpg, https://zenmoissanite.com/cdn/shop/files/preview_images/2689e202feb54d76a0271cb93e2309d3.thumbnail.0000000000_610x.jpg, https://zenmoissanite.com/cdn/shop/files/preview_images/f194eee58ecd4e25aa6574062416d36d.thumbnail.0000000000_610x.jpg",https://zenmoissanite.com/cdn/shop/videos/c/vp/fad6779a0bdb4105a3a383afa2d87740/fad6779a0bdb4105a3a383afa2d87740.HD-1080p-7.2Mbps-22879981.mp4?v=0,,"2cte total weight, 2.2cte total weight, 3cte total weight, 3.6cte total weight, 4.2cte total weight, 5.2cte total weight",,,,,3.6ct total weight version,in 14k yellow gold,Shown on a size 4.75 finger,Metal of choice + Moissanite from Zen Moissanite,Pear (brilliant or crushed ice),VVS1/VVS2,Colorless (DEF) & Champagne,Toi & Moi Ring
https://zenmoissanite.com/collections/pear-engagement-rings/products/tiana-3-row-pave-emerald-pear,pear engagement rings,Tiana (3-row Pavé) - Emerald & Pear,"Rs. 326,000.00","https://zenmoissanite.com/cdn/shop/files/10x7mmCrushedIcePear_9.5x6.5mmEmerald_4cttotalweight_Tiana_1.8mm3_4pave3-rowband_-14kRG-Size4.75.jpg, https://zenmoissanite.com/cdn/shop/files/10x7mmCrushedIcePear_9.5x6.5mmEmerald_4cttotalweight_Tiana_1.8mm3_4pave3-rowband_-14kRG-Size4.752.jpg, https://zenmoissanite.com/cdn/shop/files/10x7mmCrushedIcePear_9.5x6.5mmEmerald_4cttotalweight_Tiana_1.8mm3_4pave3-rowband_-14kRG-Size4.753.jpg, https://zenmoissanite.com/cdn/shop/files/10x7mmCrushedIcePear_9.5x6.5mmEmerald_4cttotalweight_Tiana_1.8mm3-4pave3-rowband_-14kRG-Size4.75-Lifestyle-2.jpg, https://zenmoissanite.com/cdn/shop/files/10x7mmCrushedIcePear_9.5x6.5mmEmerald_4cttotalweight_Tiana_1.8mm3-4pave3-rowband_-14kRG-Size4.75-Lifestyle-1.jpg, https://zenmoissanite.com/cdn/shop/files/10x7mmCrushedIcePear_9.5x6.5mmEmerald_4cttotalweight_Tiana_1.8mm3-4pave3-rowband_-14kRG-Size4.75-Lifestyle-3.jpg, https://zenmoissanite.com/cdn/shop/files/10x7mmCrushedIcePear_9.5x6.5mmEmerald_4cttotalweight_Tiana_1.8mm3-4pave3-rowband_-14kRG-Size4.75-Lifestyle-4.jpg, https://zenmoissanite.com/cdn/shop/files/10x7mmCrushedIcePear_9.5x6.5mmEmerald_4cttotalweight_Tiana_1.8mm3-4pave3-rowband_-14kRG-Size4.75-Lifestyle-5.jpg, https://zenmoissanite.com/cdn/shop/files/10x7mmCrushedIcePear_9.5x6.5mmEmerald_4cttotalweight_Tiana_1.8mm3-4pave3-rowband_-14kRG-Size4.75-Lifestyle-6.jpg, https://zenmoissanite.com/cdn/shop/files/preview_images/27c7b38e226348ae8569b796ea4de917.thumbnail.0000000000_610x.jpg, https://zenmoissanite.com/cdn/shop/files/preview_images/40635c2207784b618672234e097cce65.thumbnail.0000000000_610x.jpg",https://zenmoissanite.com/cdn/shop/videos/c/vp/27c7b38e226348ae8569b796ea4de917/27c7b38e226348ae8569b796ea4de917.HD-1080p-7.2Mbps-25778744.mp4?v=0,,"2cte total weight, 3cte total weight, 4cte total weight, 5cte total weight",,,,,4ct total weight version (pear brilliant & emerald),14k rose gold,Shown on a size 4.75 finger,Metal of choice + Moissanite from Zen Moissanite,Pear & emerald cut (customizable),VVS1/VVS2,Colorless (DEF),
https://zenmoissanite.com/collections/pear-engagement-rings/products/tiana-pave-emerald-pear,pear engagement rings,Tiana (with pavé) - Emerald & Pear,"Rs. 296,700.00","https://zenmoissanite.com/cdn/shop/products/9.5x7mmEmerald_9.5x6.5mmBrilliantPear_4.5cttotalweight_Tiana_1.8mm3_4paveband_-14kYG-Size6.jpg, https://zenmoissanite.com/cdn/shop/products/9.5x7mmEmerald_9.5x6.5mmBrilliantPear_4.5cttotalweight_Tiana_1.8mm3_4paveband_-14kYG-Size6-2.jpg, https://zenmoissanite.com/cdn/shop/products/9.5x7mmEmerald_9.5x6.5mmBrilliantPear_4.5cttotalweight_Tiana_1.8mm3_4paveband_-14kYG-Size6-3.jpg, https://zenmoissanite.com/cdn/shop/products/9.5x7mmEmerald_9.5x6.5mmBrilliantPear_4.5cttotalweight_Tiana_1.8mm3_4paveband_-14kYG-Size6-4.jpg, https://zenmoissanite.com/cdn/shop/products/9.5x7mmEmerald_9.5x6.5mmBrilliantPear_4.5cttotalweight_Tiana_1.8mm3_4paveband_-14kYG-Size6-5.jpg, https://zenmoissanite.com/cdn/shop/products/9.5x7mmEmerald_9.5x6.5mmBrilliantPear_4.5cttotalweight_Tiana_1.8mm3_4paveband_-14kYG-Size6Closeup-2.jpg, https://zenmoissanite.com/cdn/shop/products/9.5x7mmEmerald_9.5x6.5mmBrilliantPear_4.5cttotalweight_Tiana_1.8mm3_4paveband_-14kYG-Size6Lifestyle-2.jpg, https://zenmoissanite.com/cdn/shop/products/9.5x7mmEmerald_9.5x6.5mmBrilliantPear_4.5cttotalweight_Tiana_1.8mm3_4paveband_-14kYG-Size6Lifestyle.jpg, https://zenmoissanite.com/cdn/shop/products/08fb17253091424487cbea1309f0f021.thumbnail.0000000000_610x.jpg, https://zenmoissanite.com/cdn/shop/products/752d65c9732f4a379c0c2e01850088b9.thumbnail.0000000000_610x.jpg",https://zenmoissanite.com/cdn/shop/videos/c/vp/08fb17253091424487cbea1309f0f021/08fb17253091424487cbea1309f0f021.HD-1080p-7.2Mbps-11670634.mp4?v=0,,"2cte total weight, 3cte total weight, 4cte total weight, 5cte total weight",,,,,4.5ct total weight version (pear brilliant & emerald),14k yellow gold,Shown on a size 4.75 finger,Metal of choice + Moissanite from Zen Moissanite,Pear brilliant & princess cut (customizable),VVS1/VVS2,Colorless (DEF),"Option between single row of pavé, or 3-row pavé (covers 3/4)."
https://zenmoissanite.com/collections/pear-engagement-rings/products/the-tiana-toi-moi-ring-emerald-pear,pear engagement rings,Tiana - Emerald & Pear,"Rs. 204,000.00","https://zenmoissanite.com/cdn/shop/products/9x6.5mmEmerald_9.5x6.5mmPearBrilliantToi_Moi-14kRG-Size5.25_-2.jpg, https://zenmoissanite.com/cdn/shop/products/9x6.5mmEmerald_9.5x6.5mmPearBrilliantToi_Moi-14kRG-Size5.25_-3.jpg, https://zenmoissanite.com/cdn/shop/products/9x6.5mmEmerald_9.5x6.5mmPearBrilliantToi_Moi-14kRG-Size5.25_-4.jpg, https://zenmoissanite.com/cdn/shop/products/9x6.5mmEmerald_9.5x6.5mmPearBrilliantToi_Moi-14kRG-Size5.25_-5.jpg, https://zenmoissanite.com/cdn/shop/products/9x6.5mmEmerald_9.5x6.5mmPearBrilliantToi_Moi-14kRG-Size5.25_-6.jpg, https://zenmoissanite.com/cdn/shop/products/9x6.5mmEmerald_9.5x6.5mmPearBrilliantToi_Moi-14kRG-Size5.25Lifestyle-2.jpg, https://zenmoissanite.com/cdn/shop/products/9x6.5mmEmerald_9.5x6.5mmPearBrilliantToi_Moi-14kRG-Size5.25Lifestyle.jpg, https://zenmoissanite.com/cdn/shop/products/9x6.5mmEmerald_9.5x6.5mmPearBrilliantToi_Moi-14kRG-Size5.25Lifestyle-3.jpg",,,"2cte total weight, 3cte total weight, 4cte total weight, 5cte total weight",,,,,4ct total weight version (pear brilliant & emerald),14k rose gold,Shown on a size 4.75 finger,Metal of choice + Moissanite from Zen Moissanite,Pear & emerald cut (customizable),VVS1/VVS2,Colorless (DEF),
https://zenmoissanite.com/collections/pear-engagement-rings/products/tiana-emerald-lab-emerald-pear,pear engagement rings,Tiana - Emerald (Lab-Emerald) & Pear,"Rs. 191,600.00","https://zenmoissanite.com/cdn/shop/products/9.5x7mmStepCutLab-Emerlad_10.5x7mmColorlessBrilliantPear_5.15ctetotalweight_Tiana_1.8mmplainband_-Platinum-Size8.75.jpg, https://zenmoissanite.com/cdn/shop/products/9.5x7mmStepCutLab-Emerlad_10.5x7mmColorlessBrilliantPear_5.15ctetotalweight_Tiana_1.8mmplainband_-Platinum-Size8.75-2.jpg, https://zenmoissanite.com/cdn/shop/products/9.5x7mmStepCutLab-Emerlad_10.5x7mmColorlessBrilliantPear_5.15ctetotalweight_Tiana_1.8mmplainband_-Platinum-Size8.75-3.jpg, https://zenmoissanite.com/cdn/shop/products/9.5x7mmStepCutLab-Emerlad_10.5x7mmColorlessBrilliantPear_5.15ctetotalweight_Tiana_1.8mmplainband_-Platinum-Size8.75-4.jpg, https://zenmoissanite.com/cdn/shop/products/9.5x7mmStepCutLab-Emerlad_10.5x7mmColorlessBrilliantPear_5.15ctetotalweight_Tiana_1.8mmplainband_-Platinum-Size8.75-5.jpg, https://zenmoissanite.com/cdn/shop/products/9.5x7mmStepCutLab-Emerlad_10.5x7mmColorlessBrilliantPear_5.15ctetotalweight_Tiana_1.8mmplainband_-Platinum-Size8.75Closeup-2.jpg, https://zenmoissanite.com/cdn/shop/products/9.5x7mmStepCutLab-Emerlad_10.5x7mmColorlessBrilliantPear_5.15ctetotalweight_Tiana_1.8mmplainband_-Platinum-Size8.75Lifestyle-7.jpg, https://zenmoissanite.com/cdn/shop/products/9.5x7mmStepCutLab-Emerlad_10.5x7mmColorlessBrilliantPear_5.15ctetotalweight_Tiana_1.8mmplainband_-Platinum-Size8.75Lifestyle-6.jpg, https://zenmoissanite.com/cdn/shop/products/9.5x7mmStepCutLab-Emerlad_10.5x7mmColorlessBrilliantPear_5.15ctetotalweight_Tiana_1.8mmplainband_-Platinum-Size8.75Lifestyle-5.jpg, https://zenmoissanite.com/cdn/shop/products/9.5x7mmStepCutLab-Emerlad_10.5x7mmColorlessBrilliantPear_5.15ctetotalweight_Tiana_1.8mmplainband_-Platinum-Size8.75Lifestyle-2.jpg, https://zenmoissanite.com/cdn/shop/products/9.5x7mmStepCutLab-Emerlad_10.5x7mmColorlessBrilliantPear_5.15ctetotalweight_Tiana_1.8mmplainband_-Platinum-Size8.75Lifestyle-3.jpg, https://zenmoissanite.com/cdn/shop/products/9.5x7mmStepCutLab-Emerlad_10.5x7mmColorlessBrilliantPear_5.15ctetotalweight_Tiana_1.8mmplainband_-Platinum-Size8.75Lifestyle-4.jpg, https://zenmoissanite.com/cdn/shop/products/9.5x7mmStepCutLab-Emerlad_10.5x7mmColorlessBrilliantPear_5.15ctetotalweight_Tiana_1.8mmplainband_-Platinum-Size8.75Lifestyle.jpg, https://zenmoissanite.com/cdn/shop/products/f09e9b3e8f104382a07ccef2518ad1db.thumbnail.0000000000_610x.jpg, https://zenmoissanite.com/cdn/shop/products/5221369cb7644a36ab7480e3c6f37df4.thumbnail.0000000000_610x.jpg",https://zenmoissanite.com/cdn/shop/videos/c/vp/f09e9b3e8f104382a07ccef2518ad1db/f09e9b3e8f104382a07ccef2518ad1db.HD-1080p-7.2Mbps-12406065.mp4?v=0,,"2cte total weight, 3cte total weight, 4cte total weight, 5cte total weight",,,,,Sold and shipped as pictured.,Shown on a size 4.75 finger.,,Metal of choice + Moissanite from Zen Moissanite,Pear brilliant (moissanite) & emerald cut (lab-emerald) (customizable),,,
https://zenmoissanite.com/collections/pear-engagement-rings/products/the-tiana-toi-moi-ring,pear engagement rings,Tiana - Princess & Pear,"Rs. 204,000.00","https://zenmoissanite.com/cdn/shop/products/5mmPrincessCut_8x5.5mmBrilliantPear_2cttotalweight_Tiana_1.6mmplainband_-14kYG-Size5.jpg, https://zenmoissanite.com/cdn/shop/products/5mmPrincessCut_8x5.5mmBrilliantPear_2cttotalweight_Tiana_1.6mmplainband_-14kYG-Size5-2.jpg, https://zenmoissanite.com/cdn/shop/products/5mmPrincessCut_8x5.5mmBrilliantPear_2cttotalweight_Tiana_1.6mmplainband_-14kYG-Size5-3.jpg, https://zenmoissanite.com/cdn/shop/products/5mmPrincessCut_8x5.5mmBrilliantPear_2cttotalweight_Tiana_1.6mmplainband_-14kYG-Size5-4.jpg, https://zenmoissanite.com/cdn/shop/products/5mmPrincessCut_8x5.5mmBrilliantPear_2cttotalweight_Tiana_1.6mmplainband_-14kYG-Size5-5.jpg, https://zenmoissanite.com/cdn/shop/products/5mmPrincessCut_8x5.5mmBrilliantPear_2cttotalweight_Tiana_1.6mmplainband_-14kYG-Size5Lifestyle-3.jpg, https://zenmoissanite.com/cdn/shop/products/5mmPrincessCut_8x5.5mmBrilliantPear_2cttotalweight_Tiana_1.6mmplainband_-14kYG-Size5Lifestyle-4.jpg, https://zenmoissanite.com/cdn/shop/products/5mmPrincessCut_8x5.5mmBrilliantPear_2cttotalweight_Tiana_1.6mmplainband_-14kYG-Size5Lifestyle.jpg, https://zenmoissanite.com/cdn/shop/products/cb215ea2f0f7487a930f5ccca5bfdf79.thumbnail.0000000000_610x.jpg",https://zenmoissanite.com/cdn/shop/videos/c/vp/cb215ea2f0f7487a930f5ccca5bfdf79/cb215ea2f0f7487a930f5ccca5bfdf79.HD-1080p-7.2Mbps-8392224.mp4?v=0,,"2cte total weight, 3cte total weight, 4cte total weight, 5cte total weight",,,,,2cte total weight version (pear brilliant & princess cut),14k yellow gold,Shown on a size 4.75 finger,Metal of choice + Moissanite from Zen Moissanite,Pear brilliant & princess cut (customizable),VVS1-VVS2,Colorless (DEF),Toi & Moi Ring
https://zenmoissanite.com/collections/pear-engagement-rings/products/the-veronica-pear-ring-with-invisible-gallery,pear engagement rings,Veronica - Pear,"Rs. 89,600.00","https://zenmoissanite.com/cdn/shop/products/12x9mm_4.4cte_CrushedIcePear5-prongVeronica_1.7mmplainband_-14kRG-Size4-5.jpg, https://zenmoissanite.com/cdn/shop/products/12x9mm_4.4cte_CrushedIcePear5-prongVeronica_1.7mmplainband_-14kRG-Size4.jpg, https://zenmoissanite.com/cdn/shop/products/12x9mm_4.4cte_CrushedIcePear5-prongVeronica_1.7mmplainband_-14kRG-Size4-2.jpg, https://zenmoissanite.com/cdn/shop/products/12x9mm_4.4cte_CrushedIcePear5-prongVeronica_1.7mmplainband_-14kRG-Size4-3.jpg, https://zenmoissanite.com/cdn/shop/products/12x9mm_4.4cte_CrushedIcePear5-prongVeronica_1.7mmplainband_-14kRG-Size4-4.jpg, https://zenmoissanite.com/cdn/shop/products/12x9mm_4.4cte_CrushedIcePear5-prongVeronica_1.7mmplainband_-14kRG-Size4Closeup-5.jpg, https://zenmoissanite.com/cdn/shop/products/12x9mm_4.4cte_CrushedIcePear5-prongVeronica_1.7mmplainband_-14kRG-Size4Closeup.jpg, https://zenmoissanite.com/cdn/shop/products/12x9mm_4.4cte_CrushedIcePear5-prongVeronica_1.7mmplainband_-14kRG-Size4Closeup-2.jpg, https://zenmoissanite.com/cdn/shop/products/12x9mm_4.4cte_CrushedIcePear5-prongVeronica_1.7mmplainband_-14kRG-Size4Closeup-4.jpg, https://zenmoissanite.com/cdn/shop/products/12x9mm_4.4cte_CrushedIcePear5-prongVeronica_1.7mmplainband_-14kRG-Size4Lifestyle.jpg, https://zenmoissanite.com/cdn/shop/products/12x9mm_4.4cte_CrushedIcePear5-prongVeronica_1.7mmplainband_-14kRG-Size4Lifestyle-2.jpg, https://zenmoissanite.com/cdn/shop/products/12x9mm_4.4cte_CrushedIcePear5-prongVeronica_1.7mmplainband_-14kRG-Size4Lifestyle-4.jpg, https://zenmoissanite.com/cdn/shop/products/12x9mm_4.4cte_CrushedIcePear5-prongVeronica_1.7mmplainband_-14kRG-Size4Lifestyle-3.jpg, https://zenmoissanite.com/cdn/shop/products/65c394e1d385407fb9325dfa169dc1ff.thumbnail.0000000000_610x.jpg",https://zenmoissanite.com/cdn/shop/videos/c/vp/65c394e1d385407fb9325dfa169dc1ff/65c394e1d385407fb9325dfa169dc1ff.HD-1080p-2.5Mbps-9712861.mp4?v=0,,,"['MOISSANITE', 'LAB-DIAMOND']","14k rose gold, 14k yellow gold,  14k white gold,  18k rose gold, 18k yellow gold, 18k white gold, platinum","THIN, STANDARD, WIDE, CUSTOM",", 3.25, 3.5, 3.75, 4, 4.25, 4.5, 4.75, 5, 5.25, 5.5, 5.75, 6, 6.25, 6.5, 6.75, 7, 7.25, 7.5, 7.75, 8, 8.25, 8.50, 8.75, 9, 9.25, 9.5, 9.75, 10, 10.25, 10.5, 10.75, 11, 11.25, 11.5, 11.75, 12, 12.25, 12.5, 12.75, 12.75+ Contact our team for additional sizes",12x9mm crushed ice pear,14k rose gold,,Metal of choice + Moissanite from Zen Moissanite,Pear (crushed ice or brilliant),VVS1-VVS2,Colorless (DEF),
