URL,category,Product Title,Price,Images,Video Source,Prongs,Moissanite Facet Pattern,Stone Size,Stone,Metal,Band,Finger Size Info,images_Stone_size,image_metal,image_Finger_Ring_Size,Material,Cut,Clarity,Color,Additional Fatures
https://zenmoissanite.com/collections/round-engagement-rings/products/the-atlas-nsew-orientation-round-solitaire-with-hidden-halo,round engagement rings,Atlas (with Hidden Halo) - Round,"Rs. 105,100.00","https://zenmoissanite.com/cdn/shop/files/7.5mm_1.5cte_H_ARound4-prong_NSEW_Atlaswithhiddenhalo_1.6mmplainband_-14kYG-Size4.5.jpg, https://zenmoissanite.com/cdn/shop/files/7.5mm_1.5cte_H_ARound4-prong_NSEW_Atlaswithhiddenhalo_1.6mmplainband_-14kYG-Size4.5-5.jpg, https://zenmoissanite.com/cdn/shop/files/7.5mm_1.5cte_H_ARound4-prong_NSEW_Atlaswithhiddenhalo_1.6mmplainband_-14kYG-Size4.5-4.jpg, https://zenmoissanite.com/cdn/shop/files/7.5mm_1.5cte_H_ARound4-prong_NSEW_Atlaswithhiddenhalo_1.6mmplainband_-14kYG-Size4.5-3.jpg, https://zenmoissanite.com/cdn/shop/files/7.5mm_1.5cte_H_ARound4-prong_NSEW_Atlaswithhiddenhalo_1.6mmplainband_-14kYG-Size4.5-2.jpg, https://zenmoissanite.com/cdn/shop/files/7.5mm_1.5cte_H_ARound4-prong_NSEW_Atlaswithhiddenhalo_1.6mmplainband_-14kYG-Size4.5Lifestyle.jpg, https://zenmoissanite.com/cdn/shop/files/7.5mm_1.5cte_H_ARound4-prong_NSEW_Atlaswithhiddenhalo_1.6mmplainband_-14kYG-Size4.5Lifestyle-4.jpg, https://zenmoissanite.com/cdn/shop/files/7.5mm_1.5cte_H_ARound4-prong_NSEW_Atlaswithhiddenhalo_1.6mmplainband_-14kYG-Size4.5Lifestyle-3.jpg, https://zenmoissanite.com/cdn/shop/files/7.5mm_1.5cte_H_ARound4-prong_NSEW_Atlaswithhiddenhalo_1.6mmplainband_-14kYG-Size4.5Lifestyle-2.jpg, https://zenmoissanite.com/cdn/shop/files/preview_images/e0d69f29d2534da99b0d53e2644d97c9.thumbnail.0000000000_610x.jpg",https://zenmoissanite.com/cdn/shop/videos/c/vp/e0d69f29d2534da99b0d53e2644d97c9/e0d69f29d2534da99b0d53e2644d97c9.HD-1080p-7.2Mbps-20731263.mp4?v=0,"4 Prongs, 6 Prongs",,,"['MOISSANITE', 'LAB-DIAMOND']","14k rose gold, 14k yellow gold,  14k white gold,  18k rose gold, 18k yellow gold, 18k white gold, platinum","THIN, STANDARD, WIDE, CUSTOM",", 3.25, 3.5, 3.75, 4, 4.25, 4.5, 4.75, 5, 5.25, 5.5, 5.75, 6, 6.25, 6.5, 6.75, 7, 7.25, 7.5, 7.75, 8, 8.25, 8.50, 8.75, 9, 9.25, 9.5, 9.75, 10, 10.25, 10.5, 10.75, 11, 11.25, 11.5, 11.75, 12, 12.25, 12.5, 12.75, 12.75+ Contact our team for additional sizes",7.5mm round brilliant (H&A),14k yellow gold,Shown on a size 4.75 finger,Moissanite from Zen Moissanite,Hearts and Arrows (H&A) or Old European Cut (OEC),VVS,Colorless (EF),Features a hidden haloCan be made with curved or straight rail
https://zenmoissanite.com/collections/round-engagement-rings/products/the-atlas-nsew-orientation-round-solitaire,round engagement rings,Atlas - Round,"Rs. 89,600.00","https://zenmoissanite.com/cdn/shop/files/9mm_3cte_H_ARound4-prong_NSEW_Atlas_1.6mmplainband_-14kYG-Size6.5.jpg, https://zenmoissanite.com/cdn/shop/files/9mm_3cte_H_ARound4-prong_NSEW_Atlas_1.6mmplainband_-14kYG-Size6.5-2.jpg, https://zenmoissanite.com/cdn/shop/files/9mm_3cte_H_ARound4-prong_NSEW_Atlas_1.6mmplainband_-14kYG-Size6.5-3.jpg, https://zenmoissanite.com/cdn/shop/files/9mm_3cte_H_ARound4-prong_NSEW_Atlas_1.6mmplainband_-14kYG-Size6.5-4.jpg, https://zenmoissanite.com/cdn/shop/files/9mm_3cte_H_ARound4-prong_NSEW_Atlas_1.6mmplainband_-14kYG-Size6.5-5.jpg, https://zenmoissanite.com/cdn/shop/files/9mm_3cte_H_ARound4-prong_NSEW_Atlas_1.6mmplainband_-14kYG-Size6.5lifestyle-5.jpg, https://zenmoissanite.com/cdn/shop/files/9mm_3cte_H_ARound4-prong_NSEW_Atlas_1.6mmplainband_-14kYG-Size6.5lifestyle-4.jpg, https://zenmoissanite.com/cdn/shop/files/9mm_3cte_H_ARound4-prong_NSEW_Atlas_1.6mmplainband_-14kYG-Size6.5lifestyle-3.jpg, https://zenmoissanite.com/cdn/shop/files/9mm_3cte_H_ARound4-prong_NSEW_Atlas_1.6mmplainband_-14kYG-Size6.5lifestyle-9.jpg, https://zenmoissanite.com/cdn/shop/files/9mm_3cte_H_ARound4-prong_NSEW_Atlas_1.6mmplainband_-14kYG-Size6.5lifestyle.jpg, https://zenmoissanite.com/cdn/shop/files/9mm_3cte_H_ARound4-prong_NSEW_Atlas_1.6mmplainband_-14kYG-Size6.5lifestyle-8.jpg, https://zenmoissanite.com/cdn/shop/files/9mm_3cte_H_ARound4-prong_NSEW_Atlas_1.6mmplainband_-14kYG-Size6.5lifestyle-7.jpg, https://zenmoissanite.com/cdn/shop/files/preview_images/a9106d1fa68b45dab0af40c0d0cb8c54.thumbnail.0000000000_610x.jpg",https://zenmoissanite.com/cdn/shop/videos/c/vp/a9106d1fa68b45dab0af40c0d0cb8c54/a9106d1fa68b45dab0af40c0d0cb8c54.HD-1080p-7.2Mbps-20731561.mp4?v=0,"4 Prongs, 6 Prongs",,,"['MOISSANITE', 'LAB-DIAMOND']","14k rose gold, 14k yellow gold,  14k white gold,  18k rose gold, 18k yellow gold, 18k white gold, platinum","THIN, STANDARD, WIDE, CUSTOM",", 3.25, 3.5, 3.75, 4, 4.25, 4.5, 4.75, 5, 5.25, 5.5, 5.75, 6, 6.25, 6.5, 6.75, 7, 7.25, 7.5, 7.75, 8, 8.25, 8.50, 8.75, 9, 9.25, 9.5, 9.75, 10, 10.25, 10.5, 10.75, 11, 11.25, 11.5, 11.75, 12, 12.25, 12.5, 12.75, 12.75+ Contact our team for additional sizes",9mm (3cte) round brilliant (H&A),14k yellow gold,Shown on a size 4.75 finger,Moissanite from Zen Moissanite,Hearts and Arrows (H&A) or Old European Cut (OEC),VVS,Colorless (EF),
https://zenmoissanite.com/collections/round-engagement-rings/products/becca-round-1,round engagement rings,Becca - Round,"Rs. 89,600.00","https://zenmoissanite.com/cdn/shop/files/8.5mm_2.5cte_H_ARound4-prongBecca_1.7mmplainband_-18kYG-Size6.5.jpg, https://zenmoissanite.com/cdn/shop/files/8.5mm_2.5cte_H_ARound4-prongBecca_1.7mmplainband_-18kYG-Size6.5-2.jpg, https://zenmoissanite.com/cdn/shop/files/8.5mm_2.5cte_H_ARound4-prongBecca_1.7mmplainband_-18kYG-Size6.5-3.jpg, https://zenmoissanite.com/cdn/shop/files/8.5mm_2.5cte_H_ARound4-prongBecca_1.7mmplainband_-18kYG-Size6.5-4.jpg, https://zenmoissanite.com/cdn/shop/files/8.5mm_2.5cte_H_ARound4-prongBecca_1.7mmplainband_-18kYG-Size6.5-5.jpg, https://zenmoissanite.com/cdn/shop/files/8.5mm_2.5cte_H_ARound4-prongBecca_1.7mmplainband_-18kYG-Size6.5lifestyle-2.jpg, https://zenmoissanite.com/cdn/shop/files/8.5mm_2.5cte_H_ARound4-prongBecca_1.7mmplainband_-18kYG-Size6.5lifestyle-6.jpg, https://zenmoissanite.com/cdn/shop/files/8.5mm_2.5cte_H_ARound4-prongBecca_1.7mmplainband_-18kYG-Size6.5lifestyle-5.jpg, https://zenmoissanite.com/cdn/shop/files/8.5mm_2.5cte_H_ARound4-prongBecca_1.7mmplainband_-18kYG-Size6.5lifestyle.jpg, https://zenmoissanite.com/cdn/shop/files/8.5mm_2.5cte_H_ARound4-prongBecca_1.7mmplainband_-18kYG-Size6.5lifestyle-7.jpg, https://zenmoissanite.com/cdn/shop/files/8.5mm_2.5cte_H_ARound4-prongBecca_1.7mmplainband_-18kYG-Size6.5lifestyle-4.jpg, https://zenmoissanite.com/cdn/shop/files/8.5mm_2.5cte_H_ARound4-prongBecca_1.7mmplainband_-18kYG-Size6.5lifestyle-3.jpg, https://zenmoissanite.com/cdn/shop/products/5a276f829e8a48ce8e904cff9caad053.thumbnail.0000000000_610x.jpg",https://zenmoissanite.com/cdn/shop/videos/c/vp/5a276f829e8a48ce8e904cff9caad053/5a276f829e8a48ce8e904cff9caad053.HD-1080p-7.2Mbps-13210252.mp4?v=0,"4 Prongs, 6 Prongs",,,"['MOISSANITE', 'LAB-DIAMOND']","14k rose gold, 14k yellow gold,  14k white gold,  18k rose gold, 18k yellow gold, 18k white gold, platinum","THIN, STANDARD, WIDE, CUSTOM",", 3.25, 3.5, 3.75, 4, 4.25, 4.5, 4.75, 5, 5.25, 5.5, 5.75, 6, 6.25, 6.5, 6.75, 7, 7.25, 7.5, 7.75, 8, 8.25, 8.50, 8.75, 9, 9.25, 9.5, 9.75, 10, 10.25, 10.5, 10.75, 11, 11.25, 11.5, 11.75, 12, 12.25, 12.5, 12.75, 12.75+ Contact our team for additional sizes","8.5mm round brilliant (H&A), 18k yellow gold",Shown on a size 4.75 finger.,,Metal of choice + Moissanite from Zen Moissanite,Hearts and Arrows (H&A) or Old European Cut (OEC),VVS,Colorless (EF),
https://zenmoissanite.com/collections/round-engagement-rings/products/dark-grey-round-brilliant-camilla-solitaire,round engagement rings,Camilla - Round (Grey),"Rs. 89,600.00","https://zenmoissanite.com/cdn/shop/files/8mmDarkGreyH_ACamilla-14kWG-Size8.jpg, https://zenmoissanite.com/cdn/shop/files/8mmDarkGreyH_ACamilla-14kWG-Size8-2.jpg, https://zenmoissanite.com/cdn/shop/files/8mmDarkGreyH_ACamilla-14kWG-Size8-3.jpg, https://zenmoissanite.com/cdn/shop/files/8mmDarkGreyH_ACamilla-14kWG-Size8-5.jpg",,", 4 Prongs, 6 Prongs","Brilliant / Hearts & Arrows (H&A), Old European Cut (OEC)",", 6.5mm (1cte), 6.75mm (1.15cte), 7mm (1.25cte), 7.25mm (1.35cte), 7.5mm (1.5cte), 7.75mm (1.75cte), 8mm (2cte), 8.25mm (2.25cte), 8.5mm (2.5cte), 8.75mm (2.75cte), 9mm (3cte), 9.25mm (3.25cte), 9.5mm (3.5cte), 9.75mm (3.75cte), 10mm (4cte), 10.25mm (4.25cte), 10.5mm (4.5cte), 10.75mm (4.75cte), 11mm (5cte)",,"14k rose gold, 14k yellow gold, 14k white gold, 18k rose gold, 18k yellow gold, 18k white gold, platinum",,", 3.25, 3.5, 3.75, 4, 4.25, 4.5, 4.75, 5, 5.25, 5.5, 5.75, 6, 6.25, 6.5, 6.75, 7, 7.25, 7.5, 7.75, 8, 8.25, 8.5, 8.75, 9, 9.25, 9.5, 9.75, 10, 10.25, 10.5, 10.75, 11, 11.25, 11.5, 11.75, 12, 12.25, 12.5, 12.75, 12.75+ Please Contact our team for additional sizes","8mm (2cte) round brilliant (H&A), 14k white gold",,,Metal of choice + Moissanite from Zen Moissanite,Round Brilliant (H&A) or Old European Cut (OEC),VVS,Dark Grey,"DisclaimerDue to the invisible gallery feature, this ring design cannot undergo a standard resizing process. Please note that recasting is required for any size adjustments, whether it is to size up or down."
https://zenmoissanite.com/collections/round-engagement-rings/products/eleana-round,round engagement rings,Eleana - Round,"Rs. 145,300.00","https://zenmoissanite.com/cdn/shop/products/Instock_8.5mm_2.5cte_OECRoundEleana_1.9mmplainband_-14kRG-Size5.25.jpg, https://zenmoissanite.com/cdn/shop/products/Instock_8.5mm_2.5cte_OECRoundEleana_1.9mmplainband_-14kRG-Size5.25-2.jpg, https://zenmoissanite.com/cdn/shop/products/Instock_8.5mm_2.5cte_OECRoundEleana_1.9mmplainband_-14kRG-Size5.25-3.jpg, https://zenmoissanite.com/cdn/shop/products/Instock_8.5mm_2.5cte_OECRoundEleana_1.9mmplainband_-14kRG-Size5.25-4.jpg, https://zenmoissanite.com/cdn/shop/products/Instock_8.5mm_2.5cte_OECRoundEleana_1.9mmplainband_-14kRG-Size5.25-5.jpg, https://zenmoissanite.com/cdn/shop/products/Instock_8.5mm_2.5cte_OECRoundEleana_1.9mmplainband_-14kRG-Size5.25Lifestyle-2.jpg, https://zenmoissanite.com/cdn/shop/products/Instock_8.5mm_2.5cte_OECRoundEleana_1.9mmplainband_-14kRG-Size5.25Lifestyle-3.jpg, https://zenmoissanite.com/cdn/shop/products/Instock_8.5mm_2.5cte_OECRoundEleana_1.9mmplainband_-14kRG-Size5.25Lifestyle-4.jpg, https://zenmoissanite.com/cdn/shop/products/Instock_8.5mm_2.5cte_OECRoundEleana_1.9mmplainband_-14kRG-Size5.25Lifestyle-5.jpg, https://zenmoissanite.com/cdn/shop/products/Instock_8.5mm_2.5cte_OECRoundEleana_1.9mmplainband_-14kRG-Size5.25Lifestyle-6.jpg, https://zenmoissanite.com/cdn/shop/products/Instock_8.5mm_2.5cte_OECRoundEleana_1.9mmplainband_-14kRG-Size5.25Lifestyle-7.jpg, https://zenmoissanite.com/cdn/shop/products/Instock_8.5mm_2.5cte_OECRoundEleana_1.9mmplainband_-14kRG-Size5.25Lifestyle-8.jpg, https://zenmoissanite.com/cdn/shop/products/Instock_8.5mm_2.5cte_OECRoundEleana_1.9mmplainband_-14kRG-Size5.25Lifestyle.jpg, https://zenmoissanite.com/cdn/shop/products/f0d0e09888474d02bec9f04a77145336.thumbnail.0000000000_610x.jpg",https://zenmoissanite.com/cdn/shop/videos/c/vp/f0d0e09888474d02bec9f04a77145336/f0d0e09888474d02bec9f04a77145336.HD-1080p-7.2Mbps-12764360.mp4?v=0,"4 Prongs, 6 Prongs",,,"['MOISSANITE', 'LAB-DIAMOND']","14k rose gold, 14k yellow gold,  14k white gold,  18k rose gold, 18k yellow gold, 18k white gold, platinum","THIN, STANDARD, WIDE, CUSTOM",", 3.25, 3.5, 3.75, 4, 4.25, 4.5, 4.75, 5, 5.25, 5.5, 5.75, 6, 6.25, 6.5, 6.75, 7, 7.25, 7.5, 7.75, 8, 8.25, 8.50, 8.75, 9, 9.25, 9.5, 9.75, 10, 10.25, 10.5, 10.75, 11, 11.25, 11.5, 11.75, 12, 12.25, 12.5, 12.75, 12.75+ Contact our team for additional sizes",8.5mm Old European Cut (OEC),14k rose gold,Shown on a size 4.75 finger,Metal of choice + Moissanite from Zen Moissanite,Round (round brilliant or Old European Cut / OEC),VVS1/VVS2,Colorless (DEF),"Features a surrounding bezel, beaded bezel & halo to maximize finger coverage.Please note that all of our standard ring settings come with moissanite accent stones (band pavé stones, halo stones, hidden halo, etc.) even if you select a lab-diamond center stone. If you are interested in lab-diamond accent stones, our team can provide a quote based off of your order after your order has been placed. Please notify our team of your interest for lab-diamond accent stones in the notes section of the order, or via email at team@zenmoissanite.com"
https://zenmoissanite.com/collections/round-engagement-rings/products/florence-round,round engagement rings,Florence - Round,"Rs. 114,400.00","https://zenmoissanite.com/cdn/shop/products/InStock_10mm_4cte_OECRound4-prong_NSEW_Florence_1.6mmplainband_-14kYG-Size5.jpg, https://zenmoissanite.com/cdn/shop/products/InStock_10mm_4cte_OECRound4-prong_NSEW_Florence_1.6mmplainband_-14kYG-Size5-2.jpg, https://zenmoissanite.com/cdn/shop/products/InStock_10mm_4cte_OECRound4-prong_NSEW_Florence_1.6mmplainband_-14kYG-Size5-3.jpg, https://zenmoissanite.com/cdn/shop/products/InStock_10mm_4cte_OECRound4-prong_NSEW_Florence_1.6mmplainband_-14kYG-Size5-4.jpg, https://zenmoissanite.com/cdn/shop/products/InStock_10mm_4cte_OECRound4-prong_NSEW_Florence_1.6mmplainband_-14kYG-Size5-5.jpg, https://zenmoissanite.com/cdn/shop/products/InStock_10mm_4cte_OECRound4-prong_NSEW_Florence_1.6mmplainband_-14kYG-Size5lifestyle-2.jpg, https://zenmoissanite.com/cdn/shop/products/InStock_10mm_4cte_OECRound4-prong_NSEW_Florence_1.6mmplainband_-14kYG-Size5lifestyle-3.jpg, https://zenmoissanite.com/cdn/shop/products/InStock_10mm_4cte_OECRound4-prong_NSEW_Florence_1.6mmplainband_-14kYG-Size5lifestyle-4.jpg, https://zenmoissanite.com/cdn/shop/products/InStock_10mm_4cte_OECRound4-prong_NSEW_Florence_1.6mmplainband_-14kYG-Size5lifestyle-6.jpg, https://zenmoissanite.com/cdn/shop/products/InStock_10mm_4cte_OECRound4-prong_NSEW_Florence_1.6mmplainband_-14kYG-Size5lifestyle-7.jpg, https://zenmoissanite.com/cdn/shop/products/InStock_10mm_4cte_OECRound4-prong_NSEW_Florence_1.6mmplainband_-14kYG-Size5lifestyle-8.jpg, https://zenmoissanite.com/cdn/shop/products/InStock_10mm_4cte_OECRound4-prong_NSEW_Florence_1.6mmplainband_-14kYG-Size5lifestyle.jpg, https://zenmoissanite.com/cdn/shop/products/051d28b7ccef494d9b92d55c925eeee2.thumbnail.0000000_610x.jpg",https://zenmoissanite.com/cdn/shop/videos/c/vp/051d28b7ccef494d9b92d55c925eeee2/051d28b7ccef494d9b92d55c925eeee2.HD-1080p-7.2Mbps.mp4?v=0,"4 Prongs, 6 Prongs",,,"['MOISSANITE', 'LAB-DIAMOND']","14k rose gold, 14k yellow gold,  14k white gold,  18k rose gold, 18k yellow gold, 18k white gold, platinum","THIN, STANDARD, WIDE, CUSTOM",", 3.25, 3.5, 3.75, 4, 4.25, 4.5, 4.75, 5, 5.25, 5.5, 5.75, 6, 6.25, 6.5, 6.75, 7, 7.25, 7.5, 7.75, 8, 8.25, 8.50, 8.75, 9, 9.25, 9.5, 9.75, 10, 10.25, 10.5, 10.75, 11, 11.25, 11.5, 11.75, 12, 12.25, 12.5, 12.75, 12.75+ Contact our team for additional sizes",10mm Old European Cut (OEC),14k yellow gold,Shown on a size 4.75 finger.,Moissanite from Zen Moissanite,Hearts and Arrows (H&A) or Old European Cut (OEC),VVS1-VVS2,Colorless (DEF),"Adorned CollectionFeatures a curved hidden halo and an invisible gallery.DisclaimerDue to the invisible gallery feature, this ring design cannot undergo a standard resizing process. Please note that recasting is required for any size adjustments, whether it is to size up or down.Please note that all of our standard ring settings come with moissanite accent stones (band pavé stones, halo stones, hidden halo, etc.) even if you select a lab-diamond center stone. If you are interested in lab-diamond accent stones, our team can provide a quote based off of your order after your order has been placed. Please notify our team of your interest for lab-diamond accent stones in the notes section of the order, or via email at team@zenmoissanite.com"
https://zenmoissanite.com/collections/round-engagement-rings/products/the-harley-with-pave-h-a-solitaire,round engagement rings,Harley (with Pavé) - Round,"Rs. 151,400.00","https://zenmoissanite.com/cdn/shop/products/10mm_4cte_H_ARound6-prongHarley_1.7mm3_4paveband_-14kRG-Size4.75.jpg, https://zenmoissanite.com/cdn/shop/products/10mm_4cte_H_ARound6-prongHarley_1.7mm3_4paveband_-14kRG-Size4.75-2.jpg, https://zenmoissanite.com/cdn/shop/products/10mm_4cte_H_ARound6-prongHarley_1.7mm3_4paveband_-14kRG-Size4.75-3.jpg, https://zenmoissanite.com/cdn/shop/products/10mm_4cte_H_ARound6-prongHarley_1.7mm3_4paveband_-14kRG-Size4.75-4.jpg, https://zenmoissanite.com/cdn/shop/products/10mm_4cte_H_ARound6-prongHarley_1.7mm3_4paveband_-14kRG-Size4.75-5.jpg, https://zenmoissanite.com/cdn/shop/products/10mm_4cte_H_ARound6-prongHarley_1.7mm3_4paveband_-14kRG-Size4.75Lifestyle-7.jpg, https://zenmoissanite.com/cdn/shop/products/10mm_4cte_H_ARound6-prongHarley_1.7mm3_4paveband_-14kRG-Size4.75Lifestyle-6.jpg, https://zenmoissanite.com/cdn/shop/products/10mm_4cte_H_ARound6-prongHarley_1.7mm3_4paveband_-14kRG-Size4.75Lifestyle-3.jpg, https://zenmoissanite.com/cdn/shop/products/10mm_4cte_H_ARound6-prongHarley_1.7mm3_4paveband_-14kRG-Size4.75Lifestyle-4.jpg, https://zenmoissanite.com/cdn/shop/products/10mm_4cte_H_ARound6-prongHarley_1.7mm3_4paveband_-14kRG-Size4.75Lifestyle-2.jpg, https://zenmoissanite.com/cdn/shop/products/2fd3dd2e7d0247ffaef9679e9b47f804.thumbnail.0000000000_610x.jpg",https://zenmoissanite.com/cdn/shop/videos/c/vp/2fd3dd2e7d0247ffaef9679e9b47f804/2fd3dd2e7d0247ffaef9679e9b47f804.HD-1080p-7.2Mbps-11791671.mp4?v=0,"4 Prongs, 6 Prongs",,,"['MOISSANITE', 'LAB-DIAMOND']","14k rose gold, 14k yellow gold,  14k white gold,  18k rose gold, 18k yellow gold, 18k white gold, platinum","THIN, STANDARD, WIDE, CUSTOM",", 3.25, 3.5, 3.75, 4, 4.25, 4.5, 4.75, 5, 5.25, 5.5, 5.75, 6, 6.25, 6.5, 6.75, 7, 7.25, 7.5, 7.75, 8, 8.25, 8.50, 8.75, 9, 9.25, 9.5, 9.75, 10, 10.25, 10.5, 10.75, 11, 11.25, 11.5, 11.75, 12, 12.25, 12.5, 12.75, 12.75+ Contact our team for additional sizes",10mm round brilliant (H&A),14k rose gold,Shown on a size 4.75 finger,Metal of choice + Moissanite from Zen Moissanite,Hearts and Arrows (H&A) or Old European Cut (OEC),VVS1-VVS2,Colorless (DEF),Our signature solitaire design featuring claw prongs and a hidden halo.Pavé stones covering 3/4 of band.
https://zenmoissanite.com/collections/round-engagement-rings/products/the-harley-h-a-prong-solitaire,round engagement rings,Harley - Round,"Rs. 105,100.00","https://zenmoissanite.com/cdn/shop/products/10mm_4cte_H_ARound4-prongHarley_1.7mmplainband_-18kYG-Size6.5.jpg, https://zenmoissanite.com/cdn/shop/products/10mm_4cte_H_ARound4-prongHarley_1.7mmplainband_-18kYG-Size6.5-2.jpg, https://zenmoissanite.com/cdn/shop/products/10mm_4cte_H_ARound4-prongHarley_1.7mmplainband_-18kYG-Size6.5-3.jpg, https://zenmoissanite.com/cdn/shop/products/10mm_4cte_H_ARound4-prongHarley_1.7mmplainband_-18kYG-Size6.5-4.jpg, https://zenmoissanite.com/cdn/shop/products/10mm_4cte_H_ARound4-prongHarley_1.7mmplainband_-18kYG-Size6.5-5.jpg, https://zenmoissanite.com/cdn/shop/products/10mm_4cte_H_ARound4-prongHarley_1.7mmplainband_-18kYG-Size6.5Closeup.jpg, https://zenmoissanite.com/cdn/shop/products/10mm_4cte_H_ARound4-prongHarley_1.7mmplainband_-18kYG-Size6.5Closeup-2.jpg, https://zenmoissanite.com/cdn/shop/products/10mm_4cte_H_ARound4-prongHarley_1.7mmplainband_-18kYG-Size6.5Closeup-3.jpg, https://zenmoissanite.com/cdn/shop/products/10mm_4cte_H_ARound4-prongHarley_1.7mmplainband_-18kYG-Size6.5Closeup-4.jpg, https://zenmoissanite.com/cdn/shop/products/10mm_4cte_H_ARound4-prongHarley_1.7mmplainband_-18kYG-Size6.5Closeup-5.jpg, https://zenmoissanite.com/cdn/shop/products/10mm_4cte_H_ARound4-prongHarley_1.7mmplainband_-18kYG-Size6.5Lifestyle-3.jpg, https://zenmoissanite.com/cdn/shop/products/10mm_4cte_H_ARound4-prongHarley_1.7mmplainband_-18kYG-Size6.5Lifestyle.jpg, https://zenmoissanite.com/cdn/shop/products/10mm_4cte_H_ARound4-prongHarley_1.7mmplainband_-18kYG-Size6.5Lifestyle-2.jpg, https://zenmoissanite.com/cdn/shop/products/10mm_4cte_H_ARound4-prongHarley_1.7mmplainband_-18kYG-Size6.5Lifestyle-4.jpg, https://zenmoissanite.com/cdn/shop/products/77952f5a0ab249c6b5f4d3ba63efd4db.thumbnail.0000000000_610x.jpg",https://zenmoissanite.com/cdn/shop/videos/c/vp/77952f5a0ab249c6b5f4d3ba63efd4db/77952f5a0ab249c6b5f4d3ba63efd4db.HD-1080p-7.2Mbps-9620086.mp4?v=0,"4 Prongs, 6 Prongs",,,"['MOISSANITE', 'LAB-DIAMOND']","14k rose gold, 14k yellow gold,  14k white gold,  18k rose gold, 18k yellow gold, 18k white gold, platinum","THIN, STANDARD, WIDE, CUSTOM",", 3.25, 3.5, 3.75, 4, 4.25, 4.5, 4.75, 5, 5.25, 5.5, 5.75, 6, 6.25, 6.5, 6.75, 7, 7.25, 7.5, 7.75, 8, 8.25, 8.50, 8.75, 9, 9.25, 9.5, 9.75, 10, 10.25, 10.5, 10.75, 11, 11.25, 11.5, 11.75, 12, 12.25, 12.5, 12.75, 12.75+ Contact our team for additional sizes",10mm round brilliant (H&A),14k yellow gold,Shown on a size 4.75 finger,Metal of choice + Moissanite from Zen Moissanite,Hearts and Arrows (H&A) or Old European Cut (OEC),VVS1-VVS2,Colorless (DEF),Our signature solitaire design featuring claw prongs and a hidden halo.
https://zenmoissanite.com/collections/round-engagement-rings/products/the-harley-round-brilliant-h-a-grey,round engagement rings,Harley - Round (Grey),"Rs. 105,100.00","https://zenmoissanite.com/cdn/shop/products/6.5mmDarkGreyH_AHarley_4Prongs_-14kRG-Size7.jpg, https://zenmoissanite.com/cdn/shop/products/6.5mmDarkGreyH_AHarley_4Prongs_-14kRG-Size7-2.jpg, https://zenmoissanite.com/cdn/shop/products/6.5mmDarkGreyH_AHarley_4Prongs_-14kRG-Size7-3_b92a2422-fd42-448a-86c0-0614b636f56f.jpg, https://zenmoissanite.com/cdn/shop/products/6.5mmDarkGreyH_AHarley_4Prongs_-14kRG-Size7-4_21c42b72-61bc-4d9d-b99d-980aa5793e2f.jpg, https://zenmoissanite.com/cdn/shop/products/6.5mmDarkGreyH_AHarley_4Prongs_-14kRG-Size7-5_fe002c70-8035-4093-a5cf-1d5d39aba1a6.jpg, https://zenmoissanite.com/cdn/shop/products/8mmH_AHarley_4prongs_DarkGrey-14kRG-size4.75-9.jpg, https://zenmoissanite.com/cdn/shop/products/8mmH_AHarley_4prongs_DarkGrey-14kRG-size4.75-10.jpg, https://zenmoissanite.com/cdn/shop/products/8mmH_AHarley_4prongs_DarkGrey-14kRG-size4.75-6.jpg, https://zenmoissanite.com/cdn/shop/products/8mmH_AHarley_4prongs_DarkGrey-14kRG-size4.75-13.jpg, https://zenmoissanite.com/cdn/shop/products/8mmH_AHarley_4prongs_DarkGrey-14kRG-size4.75-7.jpg, https://zenmoissanite.com/cdn/shop/products/8mmH_AHarley_4prongs_DarkGrey-14kRG-size4.75-8.jpg, https://zenmoissanite.com/cdn/shop/products/8mmH_AHarley_4prongs_DarkGrey-14kRG-size4.75-11.jpg",,", 4 Prongs, 6 Prongs","Brilliant / Hearts & Arrows (H&A), Old European Cut (OEC)",", 6.5mm (1cte), 6.75mm (1.15cte), 7mm (1.25cte), 7.25mm (1.35cte), 7.5mm (1.5cte), 7.75mm (1.75cte), 8mm (2cte), 8.25mm (2.25cte), 8.5mm (2.5cte), 8.75mm (2.75cte), 9mm (3cte), 9.25mm (3.25cte), 9.5mm (3.5cte), 9.75mm (3.75cte), 10mm (4cte), 10.25mm (4.25cte), 10.5mm (4.5cte), 10.75mm (4.75cte), 11mm (5cte)",,"14k rose gold, 14k yellow gold, 14k white gold, 18k rose gold, 18k yellow gold, 18k white gold, platinum",,", 3.25, 3.5, 3.75, 4, 4.25, 4.5, 4.75, 5, 5.25, 5.5, 5.75, 6, 6.25, 6.5, 6.75, 7, 7.25, 7.5, 7.75, 8, 8.25, 8.5, 8.75, 9, 9.25, 9.5, 9.75, 10, 10.25, 10.5, 10.75, 11, 11.25, 11.5, 11.75, 12, 12.25, 12.5, 12.75, 12.75+ Please Contact our team for additional sizes",6.5mm round brilliant,14k rose gold,8mm round brilliant,Metal of choice + Moissanite from Zen Moissanite,Hearts and Arrows (H&A) or Old European Cut (OEC),VVS1-VVS2,Grey,Our signature solitaire design featuring claw prongs and a hidden halo.
https://zenmoissanite.com/collections/round-engagement-rings/products/the-jasmine-h-a,round engagement rings,Jasmine (Pavé) - Round,"Rs. 145,300.00","https://zenmoissanite.com/cdn/shop/products/InStock_8mm_2cte_H_ARound4-prongJasmine_1.7mm3_4paveband_-14kYG-Size7.jpg, https://zenmoissanite.com/cdn/shop/products/InStock_8mm_2cte_H_ARound4-prongJasmine_1.7mm3_4paveband_-14kYG-Size7-2.jpg, https://zenmoissanite.com/cdn/shop/products/InStock_8mm_2cte_H_ARound4-prongJasmine_1.7mm3_4paveband_-14kYG-Size7-3.jpg, https://zenmoissanite.com/cdn/shop/products/InStock_8mm_2cte_H_ARound4-prongJasmine_1.7mm3_4paveband_-14kYG-Size7Closeup.jpg, https://zenmoissanite.com/cdn/shop/products/InStock_8mm_2cte_H_ARound4-prongJasmine_1.7mm3_4paveband_-14kYG-Size7-5.jpg, https://zenmoissanite.com/cdn/shop/products/InStock_8mm_2cte_H_ARound4-prongJasmine_1.7mm3_4paveband_-14kYG-Size7-4.jpg, https://zenmoissanite.com/cdn/shop/products/InStock_8mm_2cte_H_ARound4-prongJasmine_1.7mm3_4paveband_-14kYG-Size7Closeup-2.jpg, https://zenmoissanite.com/cdn/shop/products/InStock_8mm_2cte_H_ARound4-prongJasmine_1.7mm3_4paveband_-14kYG-Size7Closeup-3.jpg, https://zenmoissanite.com/cdn/shop/products/InStock_8mm_2cte_H_ARound4-prongJasmine_1.7mm3_4paveband_-14kYG-Size7Closeup-4.jpg, https://zenmoissanite.com/cdn/shop/products/InStock_8mm_2cte_H_ARound4-prongJasmine_1.7mm3_4paveband_-14kYG-Size7Closeup-5.jpg, https://zenmoissanite.com/cdn/shop/products/InStock_8mm_2cte_H_ARound4-prongJasmine_1.7mm3_4paveband_-14kYG-Size7Lifestyle-3.jpg, https://zenmoissanite.com/cdn/shop/products/InStock_8mm_2cte_H_ARound4-prongJasmine_1.7mm3_4paveband_-14kYG-Size7Lifestyle-5.jpg, https://zenmoissanite.com/cdn/shop/products/InStock_8mm_2cte_H_ARound4-prongJasmine_1.7mm3_4paveband_-14kYG-Size7Lifestyle-4.jpg, https://zenmoissanite.com/cdn/shop/products/InStock_8mm_2cte_H_ARound4-prongJasmine_1.7mm3_4paveband_-14kYG-Size7Lifestyle-2.jpg, https://zenmoissanite.com/cdn/shop/products/InStock_8mm_2cte_H_ARound4-prongJasmine_1.7mm3_4paveband_-14kYG-Size7Lifestyle-6.jpg",,"4 Prongs, 6 Prongs",,,"['MOISSANITE', 'LAB-DIAMOND']","14k rose gold, 14k yellow gold,  14k white gold,  18k rose gold, 18k yellow gold, 18k white gold, platinum","THIN, STANDARD, WIDE, CUSTOM",", 3.25, 3.5, 3.75, 4, 4.25, 4.5, 4.75, 5, 5.25, 5.5, 5.75, 6, 6.25, 6.5, 6.75, 7, 7.25, 7.5, 7.75, 8, 8.25, 8.50, 8.75, 9, 9.25, 9.5, 9.75, 10, 10.25, 10.5, 10.75, 11, 11.25, 11.5, 11.75, 12, 12.25, 12.5, 12.75, 12.75+ Contact our team for additional sizes",8mm round brilliant (H&A),14k yellow gold,Shown on a size 4.75 finger,Moissanite from Zen Moissanite,Round (round brilliant or Old European Cut),VVS1-VVS2,Colorless (DEF),"Option of 4 or 6 prongs.DisclaimerDue to the invisible gallery feature, this ring design cannot undergo a standard resizing process. Please note that recasting is required for any size adjustments, whether it is to size up or down."
https://zenmoissanite.com/collections/round-engagement-rings/products/the-jody-h-a,round engagement rings,Jody - Round,"Rs. 145,300.00","https://zenmoissanite.com/cdn/shop/products/8.75mmH_AJodyRing_PaveBandSet-18kWG-Size7-6.jpg, https://zenmoissanite.com/cdn/shop/products/8.75mmH_AJodyRing_PaveBandSet-18kWG-Size7-7.jpg, https://zenmoissanite.com/cdn/shop/products/8.75mmH_AJodyRing_PaveBandSet-18kWG-Size7-8.jpg, https://zenmoissanite.com/cdn/shop/products/8.75mmH_AJodyRing_PaveBandSet-18kWG-Size7-9.jpg, https://zenmoissanite.com/cdn/shop/products/8.75mmH_AJodyRing_PaveBandSet-18kWG-Size7-10.jpg, https://zenmoissanite.com/cdn/shop/products/8.75mmH_AJodyRing_PaveBandSet-18kWG-Size7Closeup-6.jpg, https://zenmoissanite.com/cdn/shop/products/8.75mmH_AJodyRing_PaveBandSet-18kWG-Size7Closeup-7.jpg, https://zenmoissanite.com/cdn/shop/products/8.75mmH_AJodyRing_PaveBandSet-18kWG-Size7Closeup-8.jpg, https://zenmoissanite.com/cdn/shop/products/8.75mmH_AJodyRing_PaveBandSet-18kWG-Size7Closeup-9.jpg, https://zenmoissanite.com/cdn/shop/products/8.75mmH_AJodyRing_PaveBandSet-18kWG-Size7Closeup-10.jpg, https://zenmoissanite.com/cdn/shop/products/8.75mmH_AJodyRing_PaveBandSet-18kWG-Size7Closeup-13.jpg, https://zenmoissanite.com/cdn/shop/products/8.75mmH_AJodyRing_PaveBandSet-18kWG-Size7Lifestyle-4.jpg, https://zenmoissanite.com/cdn/shop/products/8.75mmH_AJodyRing_PaveBandSet-18kWG-Size7Lifestyle-2.jpg, https://zenmoissanite.com/cdn/shop/products/8.75mmH_AJodyRing_PaveBandSet-18kWG-Size7Lifestyle.jpg, https://zenmoissanite.com/cdn/shop/products/8.75mmH_AJodyRing_PaveBandSet-18kWG-Size7Lifestyle-3.jpg",,"4 Prongs, 6 Prongs",,,"['MOISSANITE', 'LAB-DIAMOND']","14k rose gold, 14k yellow gold,  14k white gold,  18k rose gold, 18k yellow gold, 18k white gold, platinum","THIN, STANDARD, WIDE, CUSTOM",", 3.25, 3.5, 3.75, 4, 4.25, 4.5, 4.75, 5, 5.25, 5.5, 5.75, 6, 6.25, 6.5, 6.75, 7, 7.25, 7.5, 7.75, 8, 8.25, 8.50, 8.75, 9, 9.25, 9.5, 9.75, 10, 10.25, 10.5, 10.75, 11, 11.25, 11.5, 11.75, 12, 12.25, 12.5, 12.75, 12.75+ Contact our team for additional sizes",8.75mm round brilliant (H&A),18k white gold,Shown as a set with a matching Sophia pavé band (sold separately).,Moissanite from Zen Moissanite,Round brilliant (H&A) or Old European Cut (OEC),VVS,Colorless (EF),
https://zenmoissanite.com/collections/round-engagement-rings/products/round-h-a-6-prong-pave-solitaire,round engagement rings,Laura - Round,"Rs. 136,000.00","https://zenmoissanite.com/cdn/shop/files/9mm_3cte_H_ARound6-prongLaura_1.9mm3_4paveband_-14kWG-Size7.5.jpg, https://zenmoissanite.com/cdn/shop/files/9mm_3cte_H_ARound6-prongLaura_1.9mm3_4paveband_-14kWG-Size7.52.jpg, https://zenmoissanite.com/cdn/shop/files/9mm_3cte_H_ARound6-prongLaura_1.9mm3-4paveband_-14kWG-Size7.5-1.jpg, https://zenmoissanite.com/cdn/shop/files/9mm_3cte_H_ARound6-prongLaura_1.9mm3-4paveband_-14kWG-Size7.5-2.jpg, https://zenmoissanite.com/cdn/shop/files/9mm_3cte_H_ARound6-prongLaura_1.9mm3-4paveband_-14kWG-Size7.5-3.jpg, https://zenmoissanite.com/cdn/shop/files/preview_images/02b83cb2146642acbfc6226e491e08f9.thumbnail.0000000000_610x.jpg, https://zenmoissanite.com/cdn/shop/files/preview_images/70619033380c42c0865fc2eb0f7c7b0d.thumbnail.0000000000_610x.jpg",https://zenmoissanite.com/cdn/shop/videos/c/vp/02b83cb2146642acbfc6226e491e08f9/02b83cb2146642acbfc6226e491e08f9.HD-1080p-7.2Mbps-39275999.mp4?v=0,"4 Prongs, 6 Prongs",,,"['MOISSANITE', 'LAB-DIAMOND']","14k rose gold, 14k yellow gold,  14k white gold,  18k rose gold, 18k yellow gold, 18k white gold, platinum","THIN, STANDARD, WIDE, CUSTOM",", 3.25, 3.5, 3.75, 4, 4.25, 4.5, 4.75, 5, 5.25, 5.5, 5.75, 6, 6.25, 6.5, 6.75, 7, 7.25, 7.5, 7.75, 8, 8.25, 8.50, 8.75, 9, 9.25, 9.5, 9.75, 10, 10.25, 10.5, 10.75, 11, 11.25, 11.5, 11.75, 12, 12.25, 12.5, 12.75, 12.75+ Contact our team for additional sizes",8.5mm round brilliant (H&A),14k white gold,Shown on a size 4.75 finger,Moissanite from Zen Moissanite,Hearts and Arrows (H&A) or Old European Cut (OEC),VVS1-VVS2,Colorless (DEF),Pavé stones going 3/4 of the around the band
https://zenmoissanite.com/collections/round-engagement-rings/products/michelle-round,round engagement rings,Michelle - Round,"Rs. 117,500.00","https://zenmoissanite.com/cdn/shop/products/8.5mm_2.5cte_OECRound4-prongMichelle_1.8mm1_4paveband_-14kYG-Size9.jpg, https://zenmoissanite.com/cdn/shop/products/8.5mm_2.5cte_OECRound4-prongMichelle_1.8mm1_4paveband_-14kYG-Size9-2.jpg, https://zenmoissanite.com/cdn/shop/products/8.5mm_2.5cte_OECRound4-prongMichelle_1.8mm1_4paveband_-14kYG-Size9-4.jpg, https://zenmoissanite.com/cdn/shop/products/8.5mm_2.5cte_OECRound4-prongMichelle_1.8mm1_4paveband_-14kYG-Size9-5.jpg, https://zenmoissanite.com/cdn/shop/products/8.5mm_2.5cte_OECRound4-prongMichelle_1.8mm1_4paveband_-14kYG-Size9-3.jpg, https://zenmoissanite.com/cdn/shop/products/8.5mm_2.5cte_OECRound4-prongMichelle_1.8mm1_4paveband_-14kYG-Size9Lifestyle-2.jpg, https://zenmoissanite.com/cdn/shop/products/8.5mm_2.5cte_OECRound4-prongMichelle_1.8mm1_4paveband_-14kYG-Size9Lifestyle-4.jpg, https://zenmoissanite.com/cdn/shop/products/8.5mm_2.5cte_OECRound4-prongMichelle_1.8mm1_4paveband_-14kYG-Size9Lifestyle-6.jpg, https://zenmoissanite.com/cdn/shop/products/8.5mm_2.5cte_OECRound4-prongMichelle_1.8mm1_4paveband_-14kYG-Size9Lifestyle-7.jpg, https://zenmoissanite.com/cdn/shop/products/8.5mm_2.5cte_OECRound4-prongMichelle_1.8mm1_4paveband_-14kYG-Size9Lifestyle.jpg, https://zenmoissanite.com/cdn/shop/products/05bd6b4fee4b4a90bd1964bff4033976.thumbnail.0000000000_610x.jpg, https://zenmoissanite.com/cdn/shop/products/c8bf7ed2330a4f0ea5870884ef8388c8.thumbnail.0000000000_610x.jpg",https://zenmoissanite.com/cdn/shop/videos/c/vp/05bd6b4fee4b4a90bd1964bff4033976/05bd6b4fee4b4a90bd1964bff4033976.HD-1080p-7.2Mbps-11791884.mp4?v=0,"4 Prongs, 6 Prongs",,,"['MOISSANITE', 'LAB-DIAMOND']","14k rose gold, 14k yellow gold,  14k white gold,  18k rose gold, 18k yellow gold, 18k white gold, platinum","THIN, STANDARD, WIDE, CUSTOM",", 3.25, 3.5, 3.75, 4, 4.25, 4.5, 4.75, 5, 5.25, 5.5, 5.75, 6, 6.25, 6.5, 6.75, 7, 7.25, 7.5, 7.75, 8, 8.25, 8.50, 8.75, 9, 9.25, 9.5, 9.75, 10, 10.25, 10.5, 10.75, 11, 11.25, 11.5, 11.75, 12, 12.25, 12.5, 12.75, 12.75+ Contact our team for additional sizes",8.5mm OEC,14k yellow gold,Shown on a size 4.75 finger,Metal of choice + Moissanite from Zen Moissanite,Hearts and Arrows (H&A) or Old European Cut (OEC),VVS1/VVS2,Colorless (DEF),
https://zenmoissanite.com/collections/round-engagement-rings/products/nicola-round-brilliant-h-a-side-pears,round engagement rings,Nicola - Round & Pear,"Rs. 165,000.00","https://zenmoissanite.com/cdn/shop/files/8.5mmOECRound_5x3mmBrilliantPear_3ctetotalweight_Nicola_1.7mmplainband_-14kWG-Size6.5.jpg, https://zenmoissanite.com/cdn/shop/files/8.5mmOECRound_5x3mmBrilliantPear_3ctetotalweight_Nicola_1.7mmplainband_-14kWG-Size6.52.jpg, https://zenmoissanite.com/cdn/shop/files/8.5mmOECRound_5x3mmBrilliantPear_3ctetotalweight_Nicola_1.7mmplainband_-14kWG-Size6.53.jpg, https://zenmoissanite.com/cdn/shop/files/8.5mmOECRound_5x3mmBrilliantPear_3ctetotalweight_Nicola_1.7mmplainband_-14kWG-Size6.5Lifestyle-1.jpg, https://zenmoissanite.com/cdn/shop/files/8.5mmOECRound_5x3mmBrilliantPear_3ctetotalweight_Nicola_1.7mmplainband_-14kWG-Size6.5Lifestyle-2.jpg, https://zenmoissanite.com/cdn/shop/files/8.5mmOECRound_5x3mmBrilliantPear_3ctetotalweight_Nicola_1.7mmplainband_-14kWG-Size6.5Lifestyle-3.jpg, https://zenmoissanite.com/cdn/shop/files/8.5mmOECRound_5x3mmBrilliantPear_3ctetotalweight_Nicola_1.7mmplainband_-14kWG-Size6.5Lifestyle-4.jpg, https://zenmoissanite.com/cdn/shop/files/8.5mmOECRound_5x3mmBrilliantPear_3ctetotalweight_Nicola_1.7mmplainband_-14kWG-Size6.5Lifestyle-5.jpg, https://zenmoissanite.com/cdn/shop/files/8.5mmOECRound_5x3mmBrilliantPear_3ctetotalweight_Nicola_1.7mmplainband_-14kWG-Size6.5Lifestyle-6.jpg, https://zenmoissanite.com/cdn/shop/files/8.5mmOECRound_5x3mmBrilliantPear_3ctetotalweight_Nicola_1.7mmplainband_-14kWG-Size6.5Lifestyle-7.jpg, https://zenmoissanite.com/cdn/shop/files/8.5mmOECRound_5x3mmBrilliantPear_3ctetotalweight_Nicola_1.7mmplainband_-14kWG-Size6.5Lifestyle-8.jpg, https://zenmoissanite.com/cdn/shop/files/8.5mmOECRound_5x3mmBrilliantPear_3ctetotalweight_Nicola_1.7mmplainband_-14kWG-Size6.5Lifestyle-9.jpg, https://zenmoissanite.com/cdn/shop/files/8.5mmOECRound_5x3mmBrilliantPear_3ctetotalweight_Nicola_1.7mmplainband_-14kWG-Size6.5Lifestyle-10.jpg, https://zenmoissanite.com/cdn/shop/files/preview_images/170eee435d944fc2a9cde765c82d07f4.thumbnail.0000000000_610x.jpg, https://zenmoissanite.com/cdn/shop/files/preview_images/1b019a8ca0db402fb54c08fe754fca85.thumbnail.0000000000_610x.jpg",https://zenmoissanite.com/cdn/shop/videos/c/vp/170eee435d944fc2a9cde765c82d07f4/170eee435d944fc2a9cde765c82d07f4.HD-1080p-7.2Mbps-27058334.mp4?v=0,", 4 Prongs, 6 Prongs","Brilliant / Hearts & Arrows (H&A), Old European Cut (OEC)",,,"14k rose gold, 14k yellow gold, 14k white gold, 18k rose gold, 18k yellow gold, 18k white gold, platinum",,", 3.25, 3.5, 3.75, 4, 4.25, 4.5, 4.75, 5, 5.25, 5.5, 5.75, 6, 6.25, 6.5, 6.75, 7, 7.25, 7.5, 7.75, 8, 8.25, 8.5, 8.75, 9, 9.25, 9.5, 9.75, 10, 10.25, 10.5, 10.75, 11, 11.25, 11.5, 11.75, 12, 12.25, 12.5, 12.75, 12.75+ Please Contact our team for additional sizes",3cte total weight,5x3mm pear | 8.5mm OEC | 5x3mm pear,14k white gold,Moissanite from Zen Moissanite,Round (choice of round brilliant/H&A or Old European Cut/OEC) center stone & side pear brilliants,VVS1/VVS2,Colorless (DEF),Stone layouts listed (customizable):1.1cte total weight3x2mm pear | 6.5mm H&A | 3x2mm pear1.35cte total weight3x2mm pear | 7mm H&A | 3x2mm pear1.7cte total weight4x2mm pear | 7.5mm H&A | 4x2mm pear2.4cte total weight5x3mm pear | 8mm H&A | 5x3mm pear3.2cte total weight6x4mm pear | 8.5mm H&A | 6x4mm pear3.7cte total weight6x4mm pear | 9mm H&A | 6x4mm pear4.6cte total weight7x5mm pear | 9.5mm H&A | 7x5mm pear
https://zenmoissanite.com/collections/round-engagement-rings/products/the-norma-h-a-solitaire-with-twist-head,round engagement rings,Norma - Round,"Rs. 105,100.00","https://zenmoissanite.com/cdn/shop/products/InStock_8.5mm_2.5cte_H_ARound6-prongNorma_1.5-2.5mmtaperedplainband_-14kRG-Size6.jpg, https://zenmoissanite.com/cdn/shop/products/InStock_8.5mm_2.5cte_H_ARound6-prongNorma_1.5-2.5mmtaperedplainband_-14kRG-Size6-2.jpg, https://zenmoissanite.com/cdn/shop/products/InStock_8.5mm_2.5cte_H_ARound6-prongNorma_1.5-2.5mmtaperedplainband_-14kRG-Size6-3.jpg, https://zenmoissanite.com/cdn/shop/products/InStock_8.5mm_2.5cte_H_ARound6-prongNorma_1.5-2.5mmtaperedplainband_-14kRG-Size6-4.jpg, https://zenmoissanite.com/cdn/shop/products/InStock_8.5mm_2.5cte_H_ARound6-prongNorma_1.5-2.5mmtaperedplainband_-14kRG-Size6-5.jpg, https://zenmoissanite.com/cdn/shop/products/InStock_8.5mm_2.5cte_H_ARound6-prongNorma_1.5-2.5mmtaperedplainband_-14kRG-Size6closeup-2.jpg, https://zenmoissanite.com/cdn/shop/products/InStock_8.5mm_2.5cte_H_ARound6-prongNorma_1.5-2.5mmtaperedplainband_-14kRG-Size6Lifestyle-2.jpg, https://zenmoissanite.com/cdn/shop/products/InStock_8.5mm_2.5cte_H_ARound6-prongNorma_1.5-2.5mmtaperedplainband_-14kRG-Size6Lifestyle-3.jpg, https://zenmoissanite.com/cdn/shop/products/InStock_8.5mm_2.5cte_H_ARound6-prongNorma_1.5-2.5mmtaperedplainband_-14kRG-Size6Lifestyle-4.jpg, https://zenmoissanite.com/cdn/shop/products/InStock_8.5mm_2.5cte_H_ARound6-prongNorma_1.5-2.5mmtaperedplainband_-14kRG-Size6Lifestyle-5.jpg, https://zenmoissanite.com/cdn/shop/products/InStock_8.5mm_2.5cte_H_ARound6-prongNorma_1.5-2.5mmtaperedplainband_-14kRG-Size6Lifestyle-6.jpg, https://zenmoissanite.com/cdn/shop/products/InStock_8.5mm_2.5cte_H_ARound6-prongNorma_1.5-2.5mmtaperedplainband_-14kRG-Size6Lifestyle-7.jpg, https://zenmoissanite.com/cdn/shop/products/InStock_8.5mm_2.5cte_H_ARound6-prongNorma_1.5-2.5mmtaperedplainband_-14kRG-Size6Lifestyle-8.jpg, https://zenmoissanite.com/cdn/shop/products/InStock_8.5mm_2.5cte_H_ARound6-prongNorma_1.5-2.5mmtaperedplainband_-14kRG-Size6Lifestyle-9.jpg, https://zenmoissanite.com/cdn/shop/products/InStock_8.5mm_2.5cte_H_ARound6-prongNorma_1.5-2.5mmtaperedplainband_-14kRG-Size6Lifestyle.jpg, https://zenmoissanite.com/cdn/shop/products/739e9ef1ff584368bc220ef6e4e01b9b.thumbnail.0000000000_610x.jpg",https://zenmoissanite.com/cdn/shop/videos/c/vp/739e9ef1ff584368bc220ef6e4e01b9b/739e9ef1ff584368bc220ef6e4e01b9b.HD-1080p-7.2Mbps-8793170.mp4?v=0,,,,,,,,8.5mm round brilliant (H&A),14k rose gold,Shown on a size 4.75 finger,Metal of choice + Moissanite from Zen Moissanite,Round brilliant (H&A) or Old European Cut (OEC),VVS1-VVS2,Colorless (DEF),
https://zenmoissanite.com/collections/round-engagement-rings/products/poppy-round,round engagement rings,Poppy - Round,"Rs. 154,500.00","https://zenmoissanite.com/cdn/shop/products/InStock_7mm_1.25cte_H_ARound4-prongPoppy_1.7mmplainband_-14kYG-Size6.5_1.jpg, https://zenmoissanite.com/cdn/shop/products/InStock_7mm_1.25cte_H_ARound4-prongPoppy_1.7mmplainband_-14kYG-Size6.5-2_1.jpg, https://zenmoissanite.com/cdn/shop/products/InStock_7mm_1.25cte_H_ARound4-prongPoppy_1.7mmplainband_-14kYG-Size6.5-3_1.jpg, https://zenmoissanite.com/cdn/shop/products/InStock_7mm_1.25cte_H_ARound4-prongPoppy_1.7mmplainband_-14kYG-Size6.5-4_1.jpg, https://zenmoissanite.com/cdn/shop/products/InStock_7mm_1.25cte_H_ARound4-prongPoppy_1.7mmplainband_-14kYG-Size6.5-5_1.jpg, https://zenmoissanite.com/cdn/shop/products/InStock_7mm_1.25cte_H_ARound4-prongPoppy_1.7mmplainband_-14kYG-Size6.5Closeup.jpg, https://zenmoissanite.com/cdn/shop/products/InStock_7mm_1.25cte_H_ARound4-prongPoppy_1.7mmplainband_-14kYG-Size6.5Closeup-2.jpg, https://zenmoissanite.com/cdn/shop/products/InStock_7mm_1.25cte_H_ARound4-prongPoppy_1.7mmplainband_-14kYG-Size6.5Lifestye-4.jpg, https://zenmoissanite.com/cdn/shop/products/InStock_7mm_1.25cte_H_ARound4-prongPoppy_1.7mmplainband_-14kYG-Size6.5Lifestye.jpg, https://zenmoissanite.com/cdn/shop/products/InStock_7mm_1.25cte_H_ARound4-prongPoppy_1.7mmplainband_-14kYG-Size6.5Lifestye-3.jpg, https://zenmoissanite.com/cdn/shop/products/9d09d79b0d4d4bf18ae29799ccd4fb54.thumbnail.0000000000_610x.jpg",https://zenmoissanite.com/cdn/shop/videos/c/vp/9d09d79b0d4d4bf18ae29799ccd4fb54/9d09d79b0d4d4bf18ae29799ccd4fb54.HD-1080p-7.2Mbps-9881965.mp4?v=0,"4 Prongs, 6 Prongs",,,"['MOISSANITE', 'LAB-DIAMOND']","14k rose gold, 14k yellow gold,  14k white gold,  18k rose gold, 18k yellow gold, 18k white gold, platinum","THIN, STANDARD, WIDE, CUSTOM",", 3.25, 3.5, 3.75, 4, 4.25, 4.5, 4.75, 5, 5.25, 5.5, 5.75, 6, 6.25, 6.5, 6.75, 7, 7.25, 7.5, 7.75, 8, 8.25, 8.50, 8.75, 9, 9.25, 9.5, 9.75, 10, 10.25, 10.5, 10.75, 11, 11.25, 11.5, 11.75, 12, 12.25, 12.5, 12.75, 12.75+ Contact our team for additional sizes",7mm round brilliant (H&A),14k yellow gold,Shown on a size 4.75 finger,Moissanite from Zen Moissanite,Round Brilliant (H&A) or Old European Cut (OEC),VVS1/VVS2,Colorless (DEF),"Adorned CollectionFeatures a vintage-inspired halo made of tapered baguettes and rounds for a timeless look.Please note that all of our standard ring settings come with moissanite accent stones (band pavé stones, halo stones, hidden halo, etc.) even if you select a lab-diamond center stone. If you are interested in lab-diamond accent stones, our team can provide a quote based off of your order after your order has been placed. Please notify our team of your interest for lab-diamond accent stones in the notes section of the order, or via email at team@zenmoissanite.com"
https://zenmoissanite.com/collections/round-engagement-rings/products/the-randi-h-a-solitaire,round engagement rings,Randi - Round,"Rs. 89,600.00","https://zenmoissanite.com/cdn/shop/files/8.75mm_2.75cte_H_ARound6-prongRandi_1.7mmplainband_-18kYG-Size6.jpg, https://zenmoissanite.com/cdn/shop/files/8.75mm_2.75cte_H_ARound6-prongRandi_1.7mmplainband_-18kYG-Size6-1.jpg, https://zenmoissanite.com/cdn/shop/files/8.75mm_2.75cte_H_ARound6-prongRandi_1.7mmplainband_-18kYG-Size6-2.jpg, https://zenmoissanite.com/cdn/shop/files/8.75mm_2.75cte_H_ARound6-prongRandi_1.7mmplainband_-18kYG-Size6-3.jpg, https://zenmoissanite.com/cdn/shop/files/8.75mm_2.75cte_H_ARound6-prongRandi_1.7mmplainband_-18kYG-Size6-4.jpg, https://zenmoissanite.com/cdn/shop/files/preview_images/760bd38912dc45f1b7098045fce42a14.thumbnail.0000000000_610x.jpg, https://zenmoissanite.com/cdn/shop/files/preview_images/55cafd2466214fc7b17a2c4f61c31e41.thumbnail.0000000000_610x.jpg",https://zenmoissanite.com/cdn/shop/videos/c/vp/760bd38912dc45f1b7098045fce42a14/760bd38912dc45f1b7098045fce42a14.HD-1080p-7.2Mbps-39274899.mp4?v=0,"4 Prongs, 6 Prongs",,,"['MOISSANITE', 'LAB-DIAMOND']","14k rose gold, 14k yellow gold,  14k white gold,  18k rose gold, 18k yellow gold, 18k white gold, platinum","THIN, STANDARD, WIDE, CUSTOM",", 3.25, 3.5, 3.75, 4, 4.25, 4.5, 4.75, 5, 5.25, 5.5, 5.75, 6, 6.25, 6.5, 6.75, 7, 7.25, 7.5, 7.75, 8, 8.25, 8.50, 8.75, 9, 9.25, 9.5, 9.75, 10, 10.25, 10.5, 10.75, 11, 11.25, 11.5, 11.75, 12, 12.25, 12.5, 12.75, 12.75+ Contact our team for additional sizes",8.75mm round brilliant (H&A),18k yellow gold,Shown on a size 4.75 finger,Metal of choice + Moissanite from Zen Moissanite,Hearts and Arrows (H&A) or Old European Cut (OEC),VVS1-VVS2,Colorless (DEF),
https://zenmoissanite.com/collections/round-engagement-rings/products/veronica-round,round engagement rings,Veronica - Round,"Rs. 89,600.00","https://zenmoissanite.com/cdn/shop/files/8.5mm_2.5cte_BrilliantRoundVeronica6Prongs_1.7mmplainband_-18kYG-Size7.jpg, https://zenmoissanite.com/cdn/shop/files/8.5mm_2.5cte_BrilliantRoundVeronica6Prongs_1.7mmplainband_-18kYG-Size7-2.jpg, https://zenmoissanite.com/cdn/shop/files/8.5mm_2.5cte_BrilliantRoundVeronica6Prongs_1.7mmplainband_-18kYG-Size7-3.jpg, https://zenmoissanite.com/cdn/shop/products/8.5mm_2.5cte_OECRound6-prongVeronica_1.7mmplainband_-18kYG-Size6.5Lifestyle-6.jpg, https://zenmoissanite.com/cdn/shop/products/8.5mm_2.5cte_OECRound6-prongVeronica_1.7mmplainband_-18kYG-Size6.5Lifestyle.jpg, https://zenmoissanite.com/cdn/shop/products/8.5mm_2.5cte_OECRound6-prongVeronica_1.7mmplainband_-18kYG-Size6.5Lifestyle-2.jpg, https://zenmoissanite.com/cdn/shop/products/8.5mm_2.5cte_OECRound6-prongVeronica_1.7mmplainband_-18kYG-Size6.5Lifestyle-5.jpg, https://zenmoissanite.com/cdn/shop/products/8.5mm_2.5cte_OECRound6-prongVeronica_1.7mmplainband_-18kYG-Size6.5Lifestyle-3.jpg, https://zenmoissanite.com/cdn/shop/products/21baea8512254fd583c063212e4ef4ab.thumbnail.0000000000_610x.jpg, https://zenmoissanite.com/cdn/shop/products/8.5mm_2.5cte_OECRound6-prongVeronica_1.7mmplainband_-18kYG-Size6.5Lifestyle-4.jpg",https://zenmoissanite.com/cdn/shop/videos/c/vp/21baea8512254fd583c063212e4ef4ab/21baea8512254fd583c063212e4ef4ab.HD-1080p-7.2Mbps-13913826.mp4?v=0,"4 Prongs, 6 Prongs",,,"['MOISSANITE', 'LAB-DIAMOND']","14k rose gold, 14k yellow gold,  14k white gold,  18k rose gold, 18k yellow gold, 18k white gold, platinum","THIN, STANDARD, WIDE, CUSTOM",", 3.25, 3.5, 3.75, 4, 4.25, 4.5, 4.75, 5, 5.25, 5.5, 5.75, 6, 6.25, 6.5, 6.75, 7, 7.25, 7.5, 7.75, 8, 8.25, 8.50, 8.75, 9, 9.25, 9.5, 9.75, 10, 10.25, 10.5, 10.75, 11, 11.25, 11.5, 11.75, 12, 12.25, 12.5, 12.75, 12.75+ Contact our team for additional sizes",8.5mm H&A,18k yellow gold.,On hand:,Metal of choice + Moissanite from Zen Moissanite,Hearts and Arrows (H&A) or Old European Cut (OEC),VVS1/VVS2,Colorless (DEF),"DisclaimerDue to the invisible gallery feature, this ring design cannot undergo a standard resizing process. Please note that recasting is required for any size adjustments, whether it is to size up or down."
