URL,category,Product Title,Price,Images,Video Source,Stone Size,Stone,Metal,Finger Size,diamound_size,rings_size,Band,images_Stone_size,image_metal,image_Finger_Ring_Size,Material,Cut,Clarity,Color,Additional Fatures
https://zenmoissanite.com/collections/marquise-engagement-rings/products/the-adelaide-marquise,marquise engagement rings,Adelaide - Marquise,"Rs. 172,600.00","https://zenmoissanite.com/cdn/shop/files/InStock_13x6.5mm_2.4cte_Marquise6-prongAdelaide_1.7mmplainband_-14kRG-Size5.25_1.jpg, https://zenmoissanite.com/cdn/shop/files/InStock_13x6.5mm_2.4cte_Marquise6-prongAdelaide_1.7mmplainband_-14kRG-Size5.25-2_1.jpg, https://zenmoissanite.com/cdn/shop/files/InStock_13x6.5mm_2.4cte_Marquise6-prongAdelaide_1.7mmplainband_-14kRG-Size5.25-3_1.jpg, https://zenmoissanite.com/cdn/shop/files/InStock_13x6.5mm_2.4cte_Marquise6-prongAdelaide_1.7mmplainband_-14kRG-Size5.25-4_1.jpg, https://zenmoissanite.com/cdn/shop/files/InStock_13x6.5mm_2.4cte_Marquise6-prongAdelaide_1.7mmplainband_-14kRG-Size5.25-5_1.jpg, https://zenmoissanite.com/cdn/shop/files/InStock_13x6.5mm_2.4cte_Marquise6-prongAdelaide_1.7mmplainband_-14kRG-Size5.25Closeup.jpg, https://zenmoissanite.com/cdn/shop/files/InStock_13x6.5mm_2.4cte_Marquise6-prongAdelaide_1.7mmplainband_-14kRG-Size5.25Closeup-2.jpg, https://zenmoissanite.com/cdn/shop/files/InStock_13x6.5mm_2.4cte_Marquise6-prongAdelaide_1.7mmplainband_-14kRG-Size5.25Lifestyle-3.jpg, https://zenmoissanite.com/cdn/shop/files/InStock_13x6.5mm_2.4cte_Marquise6-prongAdelaide_1.7mmplainband_-14kRG-Size5.25Lifestyle-4.jpg, https://zenmoissanite.com/cdn/shop/files/InStock_13x6.5mm_2.4cte_Marquise6-prongAdelaide_1.7mmplainband_-14kRG-Size5.25Lifestyle-5.jpg, https://zenmoissanite.com/cdn/shop/files/InStock_13x6.5mm_2.4cte_Marquise6-prongAdelaide_1.7mmplainband_-14kRG-Size5.25Lifestyle-2.jpg, https://zenmoissanite.com/cdn/shop/files/InStock_13x6.5mm_2.4cte_Marquise6-prongAdelaide_1.7mmplainband_-14kRG-Size5.25Lifestyle.jpg, https://zenmoissanite.com/cdn/shop/files/InStock_13x6.5mm_2.4cte_Marquise6-prongAdelaide_1.7mmplainband_-14kRG-Size5.25Lifestyle-6.jpg, https://zenmoissanite.com/cdn/shop/products/da428c34f73e4b8a99c2a433bc8ef876.thumbnail.0000000000_610x.jpg",https://zenmoissanite.com/cdn/shop/videos/c/vp/da428c34f73e4b8a99c2a433bc8ef876/da428c34f73e4b8a99c2a433bc8ef876.HD-1080p-7.2Mbps-8776632.mp4?v=0,", 10x5mm (1cte), 11x5.5mm (1.4cte), 12x6mm (1.8cte), 13x6.5mm (2.4cte), 14x7mm (2.8cte), 15x7.5mm (3.3cte), 16x8mm (3.9cte)",[],,,,,,13x6.5mm marquise,14k rose gold,Show on a size 4.75 finger,Moissanite from Zen Moissanite,Marquise,VVS1-VVS2,Colorless (DEF),"Adorned CollectionFeatures a vintage-inspired halo made of baguettes, tapered baguettes and rounds for a timeless look.Please note that all of our standard ring settings come with moissanite accent stones (band pavé stones, halo stones, hidden halo, etc.) even if you select a lab-diamond center stone. If you are interested in lab-diamond accent stones, our team can provide a quote based off of your order after your order has been placed. Please notify our team of your interest for lab-diamond accent stones in the notes section of the order, or via email at team@zenmoissanite.com"
https://zenmoissanite.com/collections/marquise-engagement-rings/products/emilia-rose-pear-ring,marquise engagement rings,Emilia - Rose Pear,"Rs. 202,200.00","https://zenmoissanite.com/cdn/shop/files/12x8x3mm_3.1cte_RoseCutPear5-prongEmilia_1.7mm1-2paveband.jpg, https://zenmoissanite.com/cdn/shop/files/12x8x3mm_3.1cte_RoseCutPear5-prongEmilia_1.7mm1-2paveband2.jpg, https://zenmoissanite.com/cdn/shop/files/12x8x3mm_3.1cte_RoseCutPear5-prongEmilia_1.7mm1-2paveband3.jpg, https://zenmoissanite.com/cdn/shop/files/12x8x3mm_3.1cte_RoseCutPear5-prongEmilia_1.7mm1-2paveband4.jpg, https://zenmoissanite.com/cdn/shop/files/12x8x3mm_3.1cte_RoseCutPear5-prongEmilia_1.7mm1-2paveband-Lifestyles-1.jpg, https://zenmoissanite.com/cdn/shop/files/12x8x3mm_3.1cte_RoseCutPear5-prongEmilia_1.7mm1-2paveband-Lifestyles-2.jpg, https://zenmoissanite.com/cdn/shop/files/12x8x3mm_3.1cte_RoseCutPear5-prongEmilia_1.7mm1-2paveband-Lifestyles-3.jpg, https://zenmoissanite.com/cdn/shop/files/12x8x3mm_3.1cte_RoseCutPear5-prongEmilia_1.7mm1-2paveband-Lifestyles-4.jpg, https://zenmoissanite.com/cdn/shop/files/12x8x3mm_3.1cte_RoseCutPear5-prongEmilia_1.7mm1-2paveband-Lifestyles-5.jpg, https://zenmoissanite.com/cdn/shop/files/RingSet_12x8x3mm_3.1cte_RoseCutPear5-prongEmilia_1.7mm1-2paveband_-18kRG-Size5.5pairedwithEmilia_1.7mm1-2paveband_-18kRG-Size5.5-Lifestyles-1_517b110b-4f0e-4b75-8d2e-b2ee81f17375.jpg, https://zenmoissanite.com/cdn/shop/files/RingSet_12x8x3mm_3.1cte_RoseCutPear5-prongEmilia_1.7mm1-2paveband_-18kRG-Size5.5pairedwithEmilia_1.7mm1-2paveband_-18kRG-Size5.5-Lifestyles-2_2d40a7f8-2a83-428a-9aad-d963f5a22db4.jpg, https://zenmoissanite.com/cdn/shop/files/RingSet_12x8x3mm_3.1cte_RoseCutPear5-prongEmilia_1.7mm1-2paveband_-18kRG-Size5.5pairedwithEmilia_1.7mm1-2paveband_-18kRG-Size5.5-Lifestyles-3_f4996be0-ec32-4d02-bcc1-4bb622090540.jpg, https://zenmoissanite.com/cdn/shop/files/RingSet_12x8x3mm_3.1cte_RoseCutPear5-prongEmilia_1.7mm1-2paveband_-18kRG-Size5.5pairedwithEmilia_1.7mm1-2paveband_-18kRG-Size5.5-Lifestyles-4_9e5a5e9f-e97c-417b-8c43-92f12ce048dd.jpg, https://zenmoissanite.com/cdn/shop/files/preview_images/bbaf8d304c9f4d249c144117cc480632.thumbnail.0000000000_610x.jpg, https://zenmoissanite.com/cdn/shop/files/preview_images/d5beb8cd4c544a4eba5d380e574a883b.thumbnail.0000000000_610x.jpg",https://zenmoissanite.com/cdn/shop/videos/c/vp/bbaf8d304c9f4d249c144117cc480632/bbaf8d304c9f4d249c144117cc480632.HD-1080p-7.2Mbps-32517042.mp4?v=0,,[],,,"9x6mm (1.2cte), 10x7mm (1.8cte), 10.5x7.5mm (2.2cte), 11.5x7.5mm (2.9cte), 12x8mm (3.1cte), 13x8mm (4.3cte), 13x9mm (4.5cte), 14x10mm (5.5cte), 15x10mm (6cte)","9x6mm (1.2cte), 10x7mm (1.8cte), 10.5x7.5mm (2.2cte), 11.5x7.5mm (2.9cte), 12x8mm (3.1cte), 13x8mm (4.3cte), 13x9mm (4.5cte), 14x10mm (5.5cte), 15x10mm (6cte)",,12x8mm pear rose cut,18k rose gold,Shown on a size 4.75 finger,Metal of choice + Moissanite from Zen Moissanite,Pear rose cut,VVS1/VVS2,Colorless (DEF),1/2 eternity pavé band
https://zenmoissanite.com/collections/marquise-engagement-rings/products/the-eve-champagne-pear-rose-cut-bezel-ring,marquise engagement rings,Eve - Rose Pear (Champagne),"Rs. 117,100.00","https://zenmoissanite.com/cdn/shop/products/9x6mm_1.5cte_ChampagneRoseCutPearEve_1.6mmplainband_-14kYG-Size6.5.jpg, https://zenmoissanite.com/cdn/shop/products/9x6mm_1.5cte_ChampagneRoseCutPearEve_1.6mmplainband_-14kYG-Size6.5-2.jpg, https://zenmoissanite.com/cdn/shop/products/9x6mm_1.5cte_ChampagneRoseCutPearEve_1.6mmplainband_-14kYG-Size6.5-3.jpg, https://zenmoissanite.com/cdn/shop/products/9x6mm_1.5cte_ChampagneRoseCutPearEve_1.6mmplainband_-14kYG-Size6.5-4.jpg, https://zenmoissanite.com/cdn/shop/products/9x6mm_1.5cte_ChampagneRoseCutPearEve_1.6mmplainband_-14kYG-Size6.5-5.jpg, https://zenmoissanite.com/cdn/shop/products/9x6mm_1.5cte_ChampagneRoseCutPearEve_1.6mmplainband_-14kYG-Size6.59x6mm_1.5cte_ChampagneRoseCutPearEve_1.6mmplainband_-14kYG-Size6.5Lifestyle-4.jpg, https://zenmoissanite.com/cdn/shop/products/9x6mm_1.5cte_ChampagneRoseCutPearEve_1.6mmplainband_-14kYG-Size6.59x6mm_1.5cte_ChampagneRoseCutPearEve_1.6mmplainband_-14kYG-Size6.5Lifestyle-3.jpg, https://zenmoissanite.com/cdn/shop/products/9x6mm_1.5cte_ChampagneRoseCutPearEve_1.6mmplainband_-14kYG-Size6.59x6mm_1.5cte_ChampagneRoseCutPearEve_1.6mmplainband_-14kYG-Size6.5Lifestyle.jpg, https://zenmoissanite.com/cdn/shop/products/9x6mm_1.5cte_ChampagneRoseCutPearEve_1.6mmplainband_-14kYG-Size6.59x6mm_1.5cte_ChampagneRoseCutPearEve_1.6mmplainband_-14kYG-Size6.5Lifestyle-2.jpg, https://zenmoissanite.com/cdn/shop/products/2924a0e678bf4700a8411ed7f1226a89.thumbnail.0000000000_610x.jpg",https://zenmoissanite.com/cdn/shop/videos/c/vp/2924a0e678bf4700a8411ed7f1226a89/2924a0e678bf4700a8411ed7f1226a89.HD-1080p-7.2Mbps-10881824.mp4?v=0,,[],,,"7x5mm (0.5cte), 8x5mm (0.8cte), 8x6mm (0.9cte), 9x6mm (1.2cte), 9x7mm (1.5cte), 10x7mm (1.8cte), 10x8mm (2.2cte), 10.5x7.5mm (2.2cte), 11x7mm (2.2cte), 11x8mm (2.9cte), 11x9mm (3.1cte), 12x8mm (3.1cte), 12x9mm (4cte), 12x10mm (4.5cte), 13x8mm (4.3cte), 13x9mm (4.5cte), 13x10mm (5cte), 14x10mm (5.5cte), 15x10mm (6cte)","7x5mm (0.5cte), 8x5mm (0.8cte), 8x6mm (0.9cte), 9x6mm (1.2cte), 9x7mm (1.5cte), 10x7mm (1.8cte), 10x8mm (2.2cte), 10.5x7.5mm (2.2cte), 11x7mm (2.2cte), 11x8mm (2.9cte), 11x9mm (3.1cte), 12x8mm (3.1cte), 12x9mm (4cte), 12x10mm (4.5cte), 13x8mm (4.3cte), 13x9mm (4.5cte), 13x10mm (5cte), 14x10mm (5.5cte), 15x10mm (6cte)",,9x6mm champagne rose cut pear,14k yellow gold,Shown on a size 4.75 finger,Metal of choice + Moissanite from Zen Moissanite,Pear Rose,VVS1/VVS2,Champagne,Bezel ring setting.
https://zenmoissanite.com/collections/marquise-engagement-rings/products/copy-of-jasmine-with-pave-marquise,marquise engagement rings,Gisèle - Marquise,"Rs. 111,000.00","https://zenmoissanite.com/cdn/shop/products/InStock_16x8mm_3.9cte_Marquise6-prongGisele_1.7mmplainband_-14kYG-Size5.jpg, https://zenmoissanite.com/cdn/shop/products/InStock_16x8mm_3.9cte_Marquise6-prongGisele_1.7mmplainband_-14kYG-Size5-2.jpg, https://zenmoissanite.com/cdn/shop/products/InStock_16x8mm_3.9cte_Marquise6-prongGisele_1.7mmplainband_-14kYG-Size5-3.jpg, https://zenmoissanite.com/cdn/shop/products/InStock_16x8mm_3.9cte_Marquise6-prongGisele_1.7mmplainband_-14kYG-Size5-4.jpg, https://zenmoissanite.com/cdn/shop/products/InStock_16x8mm_3.9cte_Marquise6-prongGisele_1.7mmplainband_-14kYG-Size5-5.jpg, https://zenmoissanite.com/cdn/shop/products/InStock_16x8mm_3.9cte_Marquise6-prongGisele_1.7mmplainband_-14kYG-Size5Closeup-3.jpg, https://zenmoissanite.com/cdn/shop/products/InStock_16x8mm_3.9cte_Marquise6-prongGisele_1.7mmplainband_-14kYG-Size5Closeup-5.jpg, https://zenmoissanite.com/cdn/shop/products/InStock_16x8mm_3.9cte_Marquise6-prongGisele_1.7mmplainband_-14kYG-Size5Lifestyle-6.jpg, https://zenmoissanite.com/cdn/shop/products/InStock_16x8mm_3.9cte_Marquise6-prongGisele_1.7mmplainband_-14kYG-Size5Lifestyle-3.jpg, https://zenmoissanite.com/cdn/shop/products/InStock_16x8mm_3.9cte_Marquise6-prongGisele_1.7mmplainband_-14kYG-Size5Lifestyle-4.jpg, https://zenmoissanite.com/cdn/shop/products/InStock_16x8mm_3.9cte_Marquise6-prongGisele_1.7mmplainband_-14kYG-Size5Lifestyle-5.jpg, https://zenmoissanite.com/cdn/shop/products/86c21d7ee1744e5c826011cf2fb882c9.thumbnail.0000000000_610x.jpg, https://zenmoissanite.com/cdn/shop/products/InStock_16x8mm_3.9cte_Marquise6-prongGisele_1.7mmplainband_-14kYG-Size5Lifestyle.jpg",https://zenmoissanite.com/cdn/shop/videos/c/vp/86c21d7ee1744e5c826011cf2fb882c9/86c21d7ee1744e5c826011cf2fb882c9.HD-1080p-7.2Mbps-11336052.mp4?v=0,,"['MOISSANITE', 'LAB-DIAMOND']","14k rose gold, 14k yellow gold,  14k white gold,  18k rose gold, 18k yellow gold, 18k white gold, platinum",", 3.25, 3.5, 3.75, 4, 4.25, 4.5, 4.75, 5, 5.25, 5.5, 5.75, 6, 6.25, 6.5, 6.75, 7, 7.25, 7.5, 7.75, 8, 8.25, 8.50, 8.75, 9, 9.25, 9.5, 9.75, 10, 10.25, 10.5, 10.75, 11, 11.25, 11.5, 11.75, 12, 12.25, 12.5, 12.75, 12.75+ Contact our team for additional sizes",,,"THIN, STANDARD, WIDE, CUSTOM",16x8mm (3.9cte) Marquise,14k yellow gold,Shown on a size 4.75 finger.,Gold of choice + Moissanite from Zen Moissanite,,VVS1/VVS2,Colorless (DEF),"DisclaimerDue to the invisible gallery feature, this ring design cannot undergo a standard resizing process. Please note that recasting is required for any size adjustments, whether it is to size up or down."
https://zenmoissanite.com/collections/marquise-engagement-rings/products/hannah-grey-oval-pear-ring,marquise engagement rings,Hannah - Oval (Grey) & Pear,"Rs. 200,900.00","https://zenmoissanite.com/cdn/shop/products/9x7mmBrilliantGreyOval_5x3mmBrilliantColourlessPear_2.4cttotalweight_Hannah_1.7mmplainband_-14kWG-Size8.jpg, https://zenmoissanite.com/cdn/shop/products/9x7mmBrilliantGreyOval_5x3mmBrilliantColourlessPear_2.4cttotalweight_Hannah_1.7mmplainband_-14kWG-Size8-2.jpg, https://zenmoissanite.com/cdn/shop/products/9x7mmBrilliantGreyOval_5x3mmBrilliantColourlessPear_2.4cttotalweight_Hannah_1.7mmplainband_-14kWG-Size8-3.jpg, https://zenmoissanite.com/cdn/shop/products/9x7mmBrilliantGreyOval_5x3mmBrilliantColourlessPear_2.4cttotalweight_Hannah_1.7mmplainband_-14kWG-Size8-4.jpg, https://zenmoissanite.com/cdn/shop/products/9x7mmBrilliantGreyOval_5x3mmBrilliantColourlessPear_2.4cttotalweight_Hannah_1.7mmplainband_-14kWG-Size8-5.jpg, https://zenmoissanite.com/cdn/shop/products/9x7mmBrilliantGreyOval_5x3mmBrilliantColourlessPear_2.4cttotalweight_Hannah_1.7mmplainband_-14kWG-Size8Closeup.jpg, https://zenmoissanite.com/cdn/shop/products/9x7mmBrilliantGreyOval_5x3mmBrilliantColourlessPear_2.4cttotalweight_Hannah_1.7mmplainband_-14kWG-Size8Closeup-2.jpg, https://zenmoissanite.com/cdn/shop/products/9x7mmBrilliantGreyOval_5x3mmBrilliantColourlessPear_2.4cttotalweight_Hannah_1.7mmplainband_-14kWG-Size8Closeup-4.jpg, https://zenmoissanite.com/cdn/shop/products/9x7mmBrilliantGreyOval_5x3mmBrilliantColourlessPear_2.4cttotalweight_Hannah_1.7mmplainband_-14kWG-Size8Closeup-5.jpg, https://zenmoissanite.com/cdn/shop/products/3534f9e53e6b44ae9a64d598b21aa86d.thumbnail.0000000000_610x.jpg, https://zenmoissanite.com/cdn/shop/products/d92904f870354be8a3d16ae9c3881cb0.thumbnail.0000000000_610x.jpg",https://zenmoissanite.com/cdn/shop/videos/c/vp/3534f9e53e6b44ae9a64d598b21aa86d/3534f9e53e6b44ae9a64d598b21aa86d.HD-1080p-7.2Mbps-8736086.mp4?v=0,,[],,,"1.8cte total weight, 2.1cte total weight, 2.6cte total weight, 3.2cte total weight, 4.2cte total weight","1.8cte total weight, 2.1cte total weight, 2.6cte total weight, 3.2cte total weight, 4.2cte total weight",,9x7mm center oval & 5x3mm side pears (approx. total weight of 2.6cte),14k white gold,Shown with Alyssa band in videos (sold separately).,Moissanite from Zen Moissanite and metal of choice,,VVS1/VVS2,Colorless (DEF),"Our Blair's sister which features an elevated mount to accommodate a band to sit flush with it.Center Stone:Cut : oval (antique, hybrid, brilliant or crushed ice)Colour: greyComposition: Zen MoissaniteSide Stones:Cut : pear brilliantComposition: moissaniteStone layouts listed (customizable):1.8ct total weight4x2.5mm pear | 8x6mm oval | 4x2.5mm pear2.1ct total weight5x3mm pear | 9x6mm oval | 5x3mm pear2.6ct total weight6x4mm pear | 9.5x6.5mm oval | 6x4mm pear3.2ct total weight6x4mm pear | 10.5x7mm oval | 6x4mm pear4.2ct total weight7x5mm pear | 11x7.5mm oval | 7x5mm pear"
https://zenmoissanite.com/collections/marquise-engagement-rings/products/the-hannah-3-stone-oval-lab-emerald-pear-ring,marquise engagement rings,Hannah - Oval (Lab-Emerald) & Pear,"Rs. 194,800.00","https://zenmoissanite.com/cdn/shop/files/10.5x7mmLab-EmeraldOval_5x3mmBrilliantPear_3.1cttotalweight_Hannah_1.7mmplainband_-14kYG-Size6-4.jpg, https://zenmoissanite.com/cdn/shop/files/10.5x7mmLab-EmeraldOval_5x3mmBrilliantPear_3.1cttotalweight_Hannah_1.7mmplainband_-14kYG-Size6-1.jpg, https://zenmoissanite.com/cdn/shop/files/10.5x7mmLab-EmeraldOval_5x3mmBrilliantPear_3.1cttotalweight_Hannah_1.7mmplainband_-14kYG-Size6-2.jpg, https://zenmoissanite.com/cdn/shop/files/10.5x7mmLab-EmeraldOval_5x3mmBrilliantPear_3.1cttotalweight_Hannah_1.7mmplainband_-14kYG-Size6-3.jpg, https://zenmoissanite.com/cdn/shop/files/10.5x7mmLab-EmeraldOval_5x3mmBrilliantPear_3.1cttotalweight_Hannah_1.7mmplainband_-14kYG-Size6Lifestyle-1.jpg, https://zenmoissanite.com/cdn/shop/files/10.5x7mmLab-EmeraldOval_5x3mmBrilliantPear_3.1cttotalweight_Hannah_1.7mmplainband_-14kYG-Size6Lifestyle-2.jpg, https://zenmoissanite.com/cdn/shop/files/10.5x7mmLab-EmeraldOval_5x3mmBrilliantPear_3.1cttotalweight_Hannah_1.7mmplainband_-14kYG-Size6Lifestyle-3.jpg, https://zenmoissanite.com/cdn/shop/files/10.5x7mmLab-EmeraldOval_5x3mmBrilliantPear_3.1cttotalweight_Hannah_1.7mmplainband_-14kYG-Size6Lifestyle-4.jpg, https://zenmoissanite.com/cdn/shop/files/10.5x7mmLab-EmeraldOval_5x3mmBrilliantPear_3.1cttotalweight_Hannah_1.7mmplainband_-14kYG-Size6Lifestyle-5.jpg, https://zenmoissanite.com/cdn/shop/files/10.5x7mmLab-EmeraldOval_5x3mmBrilliantPear_3.1cttotalweight_Hannah_1.7mmplainband_-14kYG-Size6Lifestyle-6.jpg, https://zenmoissanite.com/cdn/shop/files/10.5x7mmLab-EmeraldOval_5x3mmBrilliantPear_3.1cttotalweight_Hannah_1.7mmplainband_-14kYG-Size6Lifestyle-7.jpg, https://zenmoissanite.com/cdn/shop/files/10.5x7mmLab-EmeraldOval_5x3mmBrilliantPear_3.1cttotalweight_Hannah_1.7mmplainband_-14kYG-Size6Lifestyle-8.jpg, https://zenmoissanite.com/cdn/shop/files/10.5x7mmLab-EmeraldOval_5x3mmBrilliantPear_3.1cttotalweight_Hannah_1.7mmplainband_-14kYG-Size6Lifestyle-9.jpg, https://zenmoissanite.com/cdn/shop/files/10.5x7mmLab-EmeraldOval_5x3mmBrilliantPear_3.1cttotalweight_Hannah_1.7mmplainband_-14kYG-Size6Lifestyle-10.jpg, https://zenmoissanite.com/cdn/shop/files/10.5x7mmLab-EmeraldOval_5x3mmBrilliantPear_3.1cttotalweight_Hannah_1.7mmplainband_-14kYG-Size6Lifestyle-11.jpg, https://zenmoissanite.com/cdn/shop/files/10.5x7mmLab-EmeraldOval_5x3mmBrilliantPear_3.1cttotalweight_Hannah_1.7mmplainband_-14kYG-Size6Lifestyle-12.jpg, https://zenmoissanite.com/cdn/shop/files/preview_images/4432c0d72e7b46038b95abdf8b13e741.thumbnail.0000000000_610x.jpg, https://zenmoissanite.com/cdn/shop/files/preview_images/097749c8de9d4e1facd66455889a5e5b.thumbnail.0000000000_610x.jpg, https://zenmoissanite.com/cdn/shop/files/preview_images/4cf568055a4742c79b6c617fc6fae006.thumbnail.0000000000_610x.jpg",https://zenmoissanite.com/cdn/shop/videos/c/vp/4432c0d72e7b46038b95abdf8b13e741/4432c0d72e7b46038b95abdf8b13e741.HD-1080p-7.2Mbps-25775891.mp4?v=0,,[],,,"1.8cte total weight, 2.1cte total weight, 2.6cte total weight, 3.2cte total weight, 4.2cte total weight","1.8cte total weight, 2.1cte total weight, 2.6cte total weight, 3.2cte total weight, 4.2cte total weight",,3.2ct total weight,14k yellow gold,Shown on a size 4.75 finger,Moissanite from Zen Moissanite and metal of choice,,VVS1/VVS2,Colorless (DEF),"Our Blair's sister which features an elevated mount to accommodate a band to sit flush with it.Center Stone:Cut : Oval (antique, hybrid, brilliant or crushed ice)Composition: lab-emeraldSide Stones:Cut : pear brilliantComposition: moissaniteStone layouts listed (customizable):1.8cte total weight4x2.5mm pear | 8x6mm oval | 4x2.5mm pear2.1cte total weight4x2.5mm pear | 9x6mm oval | 4x2.5mm pear2.6cte total weight5x3mm pear | 9.5x6.5mm oval | 5x3mm pear3.2cte total weight5x3mm pear | 10.5x7mm oval | 5x3mm pear4.2cte total weight6x4mm pear | 11x7.5mm oval | 6x4mm pear"
https://zenmoissanite.com/collections/marquise-engagement-rings/products/harley-marquise,marquise engagement rings,Harley - Marquise,"Rs. 104,800.00","https://zenmoissanite.com/cdn/shop/products/12x6mm_1.8cte_Marquise6-prongHarley_1.5mmplainband_-14kYG-Size4.5.jpg, https://zenmoissanite.com/cdn/shop/products/12x6mm_1.8cte_Marquise6-prongHarley_1.5mmplainband_-14kYG-Size4.5-2.jpg, https://zenmoissanite.com/cdn/shop/products/12x6mm_1.8cte_Marquise6-prongHarley_1.5mmplainband_-14kYG-Size4.5-3.jpg, https://zenmoissanite.com/cdn/shop/products/12x6mm_1.8cte_Marquise6-prongHarley_1.5mmplainband_-14kYG-Size4.5Closeup.jpg, https://zenmoissanite.com/cdn/shop/products/12x6mm_1.8cte_Marquise6-prongHarley_1.5mmplainband_-14kYG-Size4.5Closeup-2.jpg, https://zenmoissanite.com/cdn/shop/products/12x6mm_1.8cte_Marquise6-prongHarley_1.5mmplainband_-14kYG-Size4.5Closeup-3.jpg, https://zenmoissanite.com/cdn/shop/products/12x6mm_1.8cte_Marquise6-prongHarley_1.5mmplainband_-14kYG-Size4.5Lifestyle-3.jpg, https://zenmoissanite.com/cdn/shop/products/12x6mm_1.8cte_Marquise6-prongHarley_1.5mmplainband_-14kYG-Size4.5Lifestyle-4.jpg, https://zenmoissanite.com/cdn/shop/products/12x6mm_1.8cte_Marquise6-prongHarley_1.5mmplainband_-14kYG-Size4.5Lifestyle.jpg, https://zenmoissanite.com/cdn/shop/products/12x6mm_1.8cte_Marquise6-prongHarley_1.5mmplainband_-14kYG-Size4.5Lifestyle-2.jpg",,,"['MOISSANITE', 'LAB-DIAMOND']","14k rose gold, 14k yellow gold,  14k white gold,  18k rose gold, 18k yellow gold, 18k white gold, platinum",", 3.25, 3.5, 3.75, 4, 4.25, 4.5, 4.75, 5, 5.25, 5.5, 5.75, 6, 6.25, 6.5, 6.75, 7, 7.25, 7.5, 7.75, 8, 8.25, 8.50, 8.75, 9, 9.25, 9.5, 9.75, 10, 10.25, 10.5, 10.75, 11, 11.25, 11.5, 11.75, 12, 12.25, 12.5, 12.75, 12.75+ Contact our team for additional sizes",,,"THIN, STANDARD, WIDE, CUSTOM",12x6mm marquise,14k yellow gold,,Metal of choice + Moissanite from Zen Moissanite,Marquise,VVS1/VVS2,Colorless (DEF),
https://zenmoissanite.com/collections/marquise-engagement-rings/products/marquise-jasmine-ring,marquise engagement rings,Jasmine (with Pavé) - Marquise,"Rs. 144,900.00","https://zenmoissanite.com/cdn/shop/products/13x6.5mmMarquiseJasmine-18kYG-Size4.25.jpg, https://zenmoissanite.com/cdn/shop/products/13x6.5mmMarquiseJasmine-18kYG-Size4.25-2.jpg, https://zenmoissanite.com/cdn/shop/products/13x6.5mmMarquiseJasmine-18kYG-Size4.25-3.jpg, https://zenmoissanite.com/cdn/shop/products/13x6.5mmMarquiseJasmine-18kYG-Size4.25-4.jpg, https://zenmoissanite.com/cdn/shop/products/13x6.5mmMarquiseJasmine-18kYG-Size4.25-5.jpg, https://zenmoissanite.com/cdn/shop/products/13x6.5mmMarquiseJasmine-18kYG-Size4.25Closeup.jpg, https://zenmoissanite.com/cdn/shop/products/13x6.5mmMarquiseJasmine-18kYG-Size4.25Closeup-3.jpg, https://zenmoissanite.com/cdn/shop/products/13x6.5mm_2.4cte_Marquise6-prongJasmine_1.7mmpaveband_-14kYG-Size5.25lifestyle.jpg, https://zenmoissanite.com/cdn/shop/products/13x6.5mm_2.4cte_Marquise6-prongJasmine_1.7mmpaveband_-14kYG-Size5.25lifestyle-2.jpg, https://zenmoissanite.com/cdn/shop/products/13x6.5mm_2.4cte_Marquise6-prongJasmine_1.7mmpaveband_-14kYG-Size5.25lifestyle-3.jpg, https://zenmoissanite.com/cdn/shop/products/13x6.5mm_2.4cte_Marquise6-prongJasmine_1.7mmpaveband_-14kYG-Size5.25lifestyle-4.jpg, https://zenmoissanite.com/cdn/shop/products/13x6.5mm_2.4cte_Marquise6-prongJasmine_1.7mmpaveband_-14kYG-Size5.25lifestyle-6.jpg, https://zenmoissanite.com/cdn/shop/products/32044acfaef4491390fa841ca196ff5b.thumbnail.0000000_610x.jpg",https://zenmoissanite.com/cdn/shop/videos/c/vp/32044acfaef4491390fa841ca196ff5b/32044acfaef4491390fa841ca196ff5b.HD-1080p-7.2Mbps.mp4?v=0,,"['MOISSANITE', 'LAB-DIAMOND']","14k rose gold, 14k yellow gold,  14k white gold,  18k rose gold, 18k yellow gold, 18k white gold, platinum",", 3.25, 3.5, 3.75, 4, 4.25, 4.5, 4.75, 5, 5.25, 5.5, 5.75, 6, 6.25, 6.5, 6.75, 7, 7.25, 7.5, 7.75, 8, 8.25, 8.50, 8.75, 9, 9.25, 9.5, 9.75, 10, 10.25, 10.5, 10.75, 11, 11.25, 11.5, 11.75, 12, 12.25, 12.5, 12.75, 12.75+ Contact our team for additional sizes",,,"THIN, STANDARD, WIDE, CUSTOM",13x6.5mm marquise,14k yellow gold,Shown on a size 4.75 finger,Gold of choice + Moissanite from Zen Moissanite,Marquise,VVS1-VVS2,Colorless (DEF),"DisclaimerDue to the invisible gallery feature, this ring design cannot undergo a standard resizing process. Please note that recasting is required for any size adjustments, whether it is to size up or down."
https://zenmoissanite.com/collections/marquise-engagement-rings/products/the-jasmine-plain-band-marquise-ring,marquise engagement rings,Jasmine - Marquise,"Rs. 98,600.00","https://zenmoissanite.com/cdn/shop/files/16x8mm_3.9cte_Marquise6-prongJasmine_1.7mmplainband_-14kYG-Size7-12.jpg, https://zenmoissanite.com/cdn/shop/files/16x8mm_3.9cte_Marquise6-prongJasmine_1.7mmplainband_-14kYG-Size7-3.jpg, https://zenmoissanite.com/cdn/shop/files/16x8mm_3.9cte_Marquise6-prongJasmine_1.7mmplainband_-14kYG-Size7-5.jpg, https://zenmoissanite.com/cdn/shop/files/16x8mm_3.9cte_Marquise6-prongJasmine_1.7mmplainband_-14kYG-Size7-7.jpg, https://zenmoissanite.com/cdn/shop/files/16x8mm_3.9cte_Marquise6-prongJasmine_1.7mmplainband_-14kYG-Size7-9.jpg, https://zenmoissanite.com/cdn/shop/files/16x8mm_3.9cte_Marquise6-prongJasmine_1.7mmplainband_-14kYG-Size7-12_5a4feef9-ae90-4f7f-becf-86142f459bed.jpg, https://zenmoissanite.com/cdn/shop/files/preview_images/5aaf9d90620d4d7baa4eda7db4589d98.thumbnail.0000000000_610x.jpg, https://zenmoissanite.com/cdn/shop/files/16x8mm_3.9cte_Marquise6-prongJasmine_1.7mmplainband_-14kYG-Size7-10.jpg, https://zenmoissanite.com/cdn/shop/files/16x8mm_3.9cte_Marquise6-prongJasmine_1.7mmplainband_-14kYG-Size7-11.jpg",https://zenmoissanite.com/cdn/shop/videos/c/vp/5aaf9d90620d4d7baa4eda7db4589d98/5aaf9d90620d4d7baa4eda7db4589d98.HD-1080p-7.2Mbps-16628346.mp4?v=0,,"['MOISSANITE', 'LAB-DIAMOND']","14k rose gold, 14k yellow gold,  14k white gold,  18k rose gold, 18k yellow gold, 18k white gold, platinum",", 3.25, 3.5, 3.75, 4, 4.25, 4.5, 4.75, 5, 5.25, 5.5, 5.75, 6, 6.25, 6.5, 6.75, 7, 7.25, 7.5, 7.75, 8, 8.25, 8.50, 8.75, 9, 9.25, 9.5, 9.75, 10, 10.25, 10.5, 10.75, 11, 11.25, 11.5, 11.75, 12, 12.25, 12.5, 12.75, 12.75+ Contact our team for additional sizes",,,"THIN, STANDARD, WIDE, CUSTOM",16x8mm marquise,14k yellow gold,Shown on a size 4.75 finger,Metal of choice + Moissanite from Zen Moissanite,Marquise,VVS1-VVS2,Colorless (DEF),"DisclaimerDue to the invisible gallery feature, this ring design cannot undergo a standard resizing process. Please note that recasting is required for any size adjustments, whether it is to size up or down."
https://zenmoissanite.com/collections/marquise-engagement-rings/products/karelle-marquise,marquise engagement rings,Karelle - Marquise,"Rs. 120,200.00","https://zenmoissanite.com/cdn/shop/files/14x7mm_2.8cte_Marquise4-prongKarelle_1.7mmplainband_-14kYG-Size6.51.jpg, https://zenmoissanite.com/cdn/shop/files/14x7mm_2.8cte_Marquise4-prongKarelle_1.7mmplainband_-14kYG-Size6.52.jpg, https://zenmoissanite.com/cdn/shop/files/14x7mm_2.8cte_Marquise4-prongKarelle_1.7mmplainband_-14kYG-Size6.53.jpg, https://zenmoissanite.com/cdn/shop/files/14x7mm_2.8cte_Marquise4-prongKarelle_1.7mmplainband_-14kYG-Size6.54.jpg, https://zenmoissanite.com/cdn/shop/files/14x7mm_2.8cte_Marquise4-prongKarelle_1.7mmplainband_-14kYG-Size6.55.jpg, https://zenmoissanite.com/cdn/shop/files/14x7mm_2.8cte_Marquise4-prongKarelle_1.7mmplainband_-14kYG-Size6.5-1.jpg, https://zenmoissanite.com/cdn/shop/files/14x7mm_2.8cte_Marquise4-prongKarelle_1.7mmplainband_-14kYG-Size6.5-6.jpg, https://zenmoissanite.com/cdn/shop/files/14x7mm_2.8cte_Marquise4-prongKarelle_1.7mmplainband_-14kYG-Size6.5-3.jpg, https://zenmoissanite.com/cdn/shop/files/14x7mm_2.8cte_Marquise4-prongKarelle_1.7mmplainband_-14kYG-Size6.5-4.jpg, https://zenmoissanite.com/cdn/shop/files/preview_images/6ff90da56b4d4bd8a078f1e3d800d6a3.thumbnail.0000000000_610x.jpg, https://zenmoissanite.com/cdn/shop/files/preview_images/38eb52cf4efa4f64b54f405b62d2a9de.thumbnail.0000000000_610x.jpg",https://zenmoissanite.com/cdn/shop/videos/c/vp/6ff90da56b4d4bd8a078f1e3d800d6a3/6ff90da56b4d4bd8a078f1e3d800d6a3.HD-1080p-7.2Mbps-17368213.mp4?v=0,,"['MOISSANITE', 'LAB-DIAMOND']","14k rose gold, 14k yellow gold,  14k white gold,  18k rose gold, 18k yellow gold, 18k white gold, platinum",", 3.25, 3.5, 3.75, 4, 4.25, 4.5, 4.75, 5, 5.25, 5.5, 5.75, 6, 6.25, 6.5, 6.75, 7, 7.25, 7.5, 7.75, 8, 8.25, 8.50, 8.75, 9, 9.25, 9.5, 9.75, 10, 10.25, 10.5, 10.75, 11, 11.25, 11.5, 11.75, 12, 12.25, 12.5, 12.75, 12.75+ Contact our team for additional sizes",,,"THIN, STANDARD, WIDE, CUSTOM",14x7mm marquise,14k yellow gold,Shown on a size 4.75 finger.,Metal of choice + Moissanite from Zen Moissanite,Marquise,VVS1/VVS2,Colorless (DEF),
https://zenmoissanite.com/collections/marquise-engagement-rings/products/lauren-marquise-pear,marquise engagement rings,Lauren - Marquise & Pear,"Rs. 240,400.00","https://zenmoissanite.com/cdn/shop/files/10x7mmBrilliantPear3-prong_12x6mmMarquise4-prong_3.9ctetotalweight_Lauren_1.6mmplainband_-14kWG-Size53_1.jpg, https://zenmoissanite.com/cdn/shop/files/10x7mmBrilliantPear3-prong_12x6mmMarquise4-prong_3.9ctetotalweight_Lauren_1.6mmplainband_-14kWG-Size52.jpg, https://zenmoissanite.com/cdn/shop/files/10x7mmBrilliantPear3-prong_12x6mmMarquise4-prong_3.9ctetotalweight_Lauren_1.6mmplainband_-14kWG-Size51.jpg, https://zenmoissanite.com/cdn/shop/files/10x7mmBrilliantPear3-prong_12x6mmMarquise4-prong_3.9ctetotalweight_Lauren_1.6mmplainband_-14kWG-Size53.jpg, https://zenmoissanite.com/cdn/shop/files/10x7mmBrilliantPear3-prong_12x6mmMarquise4-prong_3.9ctetotalweight_Lauren_1.6mmplainband_-14kWG-Size5.jpg, https://zenmoissanite.com/cdn/shop/files/10x7mmBrilliantPear3-prong_12x6mmMarquise4-prong_3.9ctetotalweight_Lauren_1.6mmplainband_-14kWG-Size5_b95932b3-8449-404b-b1b9-4df3ede5c4fe.jpg, https://zenmoissanite.com/cdn/shop/files/preview_images/4233180498084bfbbffff9ad5aad33a5.thumbnail.0000000000_610x.jpg, https://zenmoissanite.com/cdn/shop/files/preview_images/562ca892d1d94ca8a7671d29cb1eab3c.thumbnail.0000000000_610x.jpg, https://zenmoissanite.com/cdn/shop/files/preview_images/ea5fde14991143428693c05bfcf939a9.thumbnail.0000000000_610x.jpg, https://zenmoissanite.com/cdn/shop/files/preview_images/a9bc4c1e3bfc489c9c9ae552b02e7003.thumbnail.0000000000_610x.jpg",https://zenmoissanite.com/cdn/shop/videos/c/vp/4233180498084bfbbffff9ad5aad33a5/4233180498084bfbbffff9ad5aad33a5.HD-1080p-7.2Mbps-38846144.mp4?v=0,,[],,,"2cte total weight, 2.5cte total weight, 3cte total weight, 4cte total weight, 5cte total weight","2cte total weight, 2.5cte total weight, 3cte total weight, 4cte total weight, 5cte total weight",,4ct total weight version (10x7mm pear brilliant & 12x6mm marquise),in 14k white gold,Shown on a size 4.75 finger,Metal of choice + Moissanite from Zen Moissanite,Pear & marquise (customizable),VVS1/VVS2,Colorless (DEF),Toi & Moi Ring
https://zenmoissanite.com/collections/marquise-engagement-rings/products/the-lindsey-pear-rose-cut-split-shank-ring,marquise engagement rings,Lindsey - Rose Pear,"Rs. 157,200.00","https://zenmoissanite.com/cdn/shop/products/15x10mm_7cte_ColourlessRoseCutPear5-prongLindsey_1.6mmplainband_-Platinum-Size10.5.jpg, https://zenmoissanite.com/cdn/shop/products/15x10mm_7cte_ColourlessRoseCutPear5-prongLindsey_1.6mmplainband_-Platinum-Size10.5-2.jpg, https://zenmoissanite.com/cdn/shop/products/15x10mm_7cte_ColourlessRoseCutPear5-prongLindsey_1.6mmplainband_-Platinum-Size10.5-3.jpg, https://zenmoissanite.com/cdn/shop/products/15x10mm_7cte_ColourlessRoseCutPear5-prongLindsey_1.6mmplainband_-Platinum-Size10.5_f32b92c8-e6d4-47bc-92a0-72ce5eff9cdc.jpg, https://zenmoissanite.com/cdn/shop/products/15x10mm_7cte_ColourlessRoseCutPear5-prongLindsey_1.6mmplainband_-Platinum-Size10.5_-2.jpg, https://zenmoissanite.com/cdn/shop/products/15x10mm_7cte_ColourlessRoseCutPear5-prongLindsey_1.6mmplainband_-Platinum-Size10.5Lifestyle.jpg, https://zenmoissanite.com/cdn/shop/products/15x10mm_7cte_ColourlessRoseCutPear5-prongLindsey_1.6mmplainband_-Platinum-Size10.5Lifestyle-3.jpg, https://zenmoissanite.com/cdn/shop/products/15x10mm_7cte_ColourlessRoseCutPear5-prongLindsey_1.6mmplainband_-Platinum-Size10.5Lifestyle-8.jpg, https://zenmoissanite.com/cdn/shop/products/15x10mm_7cte_ColourlessRoseCutPear5-prongLindsey_1.6mmplainband_-Platinum-Size10.5Lifestyle-9.jpg, https://zenmoissanite.com/cdn/shop/products/15x10mm_7cte_ColourlessRoseCutPear5-prongLindsey_1.6mmplainband_-Platinum-Size10.5Lifestyle-12.jpg, https://zenmoissanite.com/cdn/shop/products/f9fdd80ff89a4256b42e690f57910394.thumbnail.0000000000_610x.jpg, https://zenmoissanite.com/cdn/shop/products/bf20972e7b074b82bf1690376742f050.thumbnail.0000000000_610x.jpg",https://zenmoissanite.com/cdn/shop/videos/c/vp/f9fdd80ff89a4256b42e690f57910394/f9fdd80ff89a4256b42e690f57910394.HD-1080p-7.2Mbps-8391890.mp4?v=0,,[],,,"7x5mm (0.5cte), 8x5mm (0.8cte), 8x6mm (0.9cte), 9x6mm (1.2cte), 9x7mm (1.5cte), 10x7mm (1.8cte), 10x8mm (2.2cte), 10.5x7.5mm (2.2cte), 11x7mm (2.2cte), 11x8mm (2.9cte), 11x9mm (3.1ct), 12x8mm (3.1ct), 12x9mm (4ct), 12x10mm (4.5ct), 13x8mm (4.3ct), 13x9mm (4.5cte), 13x10mm (5ct), 14x10mm (5.2cte), 15x10mm (6ct)","7x5mm (0.5cte), 8x5mm (0.8cte), 8x6mm (0.9cte), 9x6mm (1.2cte), 9x7mm (1.5cte), 10x7mm (1.8cte), 10x8mm (2.2cte), 10.5x7.5mm (2.2cte), 11x7mm (2.2cte), 11x8mm (2.9cte), 11x9mm (3.1ct), 12x8mm (3.1ct), 12x9mm (4ct), 12x10mm (4.5ct), 13x8mm (4.3ct), 13x9mm (4.5cte), 13x10mm (5ct), 14x10mm (5.2cte), 15x10mm (6ct)",,15x10mm colourless pear rose cut,platinum,,Metal of choice + Moissanite from Zen Moissanite,Pear rose cut,VVS1/VVS2,Colorless (DEF) or champagne,
https://zenmoissanite.com/collections/marquise-engagement-rings/products/lori-marquise,marquise engagement rings,Lori - Marquise,"Rs. 123,300.00","https://zenmoissanite.com/cdn/shop/products/14x7mm_2.8cte_GreyEast-WestMarquise6-prongLoriwithblackhiddenhalo_1.6mmplainband_-14kRG-Size7.jpg, https://zenmoissanite.com/cdn/shop/products/14x7mm_2.8cte_GreyEast-WestMarquise6-prongLoriwithblackhiddenhalo_1.6mmplainband_-14kRG-Size7-2.jpg, https://zenmoissanite.com/cdn/shop/products/14x7mm_2.8cte_GreyEast-WestMarquise6-prongLoriwithblackhiddenhalo_1.6mmplainband_-14kRG-Size7-3.jpg, https://zenmoissanite.com/cdn/shop/products/14x7mm_2.8cte_GreyEast-WestMarquise6-prongLoriwithblackhiddenhalo_1.6mmplainband_-14kRG-Size7-4.jpg, https://zenmoissanite.com/cdn/shop/products/14x7mm_2.8cte_GreyEast-WestMarquise6-prongLoriwithblackhiddenhalo_1.6mmplainband_-14kRG-Size7-5.jpg, https://zenmoissanite.com/cdn/shop/products/14x7mm_2.8cte_GreyEast-WestMarquise6-prongLoriwithblackhiddenhalo_1.6mmplainband_-14kRG-Size7Closeup-2.jpg, https://zenmoissanite.com/cdn/shop/products/14x7mm_2.8cte_GreyEast-WestMarquise6-prongLoriwithblackhiddenhalo_1.6mmplainband_-14kRG-Size7Closeup-3.jpg, https://zenmoissanite.com/cdn/shop/products/14x7mm_2.8cte_GreyEast-WestMarquise6-prongLoriwithblackhiddenhalo_1.6mmplainband_-14kRG-Size7Closeup-4.jpg, https://zenmoissanite.com/cdn/shop/products/14x7mm_2.8cte_GreyEast-WestMarquise6-prongLoriwithblackhiddenhalo_1.6mmplainband_-14kRG-Size7Closeup-5.jpg, https://zenmoissanite.com/cdn/shop/products/14x7mm_2.8cte_GreyEast-WestMarquise6-prongLoriwithblackhiddenhalo_1.6mmplainband_-14kRG-Size7Lifestyle-4.jpg, https://zenmoissanite.com/cdn/shop/products/14x7mm_2.8cte_GreyEast-WestMarquise6-prongLoriwithblackhiddenhalo_1.6mmplainband_-14kRG-Size7Lifestyle-3.jpg, https://zenmoissanite.com/cdn/shop/products/14x7mm_2.8cte_GreyEast-WestMarquise6-prongLoriwithblackhiddenhalo_1.6mmplainband_-14kRG-Size7Lifestyle-5.jpg, https://zenmoissanite.com/cdn/shop/products/14x7mm_2.8cte_GreyEast-WestMarquise6-prongLoriwithblackhiddenhalo_1.6mmplainband_-14kRG-Size7Lifestyle-2.jpg, https://zenmoissanite.com/cdn/shop/products/14x7mm_2.8cte_GreyEast-WestMarquise6-prongLoriwithblackhiddenhalo_1.6mmplainband_-14kRG-Size7Lifestyle-6.jpg, https://zenmoissanite.com/cdn/shop/products/14x7mm_2.8cte_GreyEast-WestMarquise6-prongLoriwithblackhiddenhalo_1.6mmplainband_-14kRG-Size7Lifestyle.jpg, https://zenmoissanite.com/cdn/shop/products/392c6b630bea40b696cf152b1fb2dad7.thumbnail.0000000_610x.jpg",https://zenmoissanite.com/cdn/shop/videos/c/vp/392c6b630bea40b696cf152b1fb2dad7/392c6b630bea40b696cf152b1fb2dad7.HD-1080p-7.2Mbps.mp4?v=0,", 10x5mm (1cte), 11x5.5mm (1.4cte), 12x6mm (1.8cte), 13x6.5mm (2.4cte), 14x7mm (2.8cte), 15x7.5mm (3.3cte), 16x8mm (3.9cte)",[],,,,,,14x7mm dark grey marquise,14k rose gold,Shown on a size 6.5 finger,Metal of choice + Moissanite from Zen Moissanite,Marquise,VVS1/VVS2,,"DisclaimerDue to the invisible gallery feature, this ring design cannot undergo a standard resizing process. Please note that recasting is required for any size adjustments, whether it is to size up or down."
https://zenmoissanite.com/collections/marquise-engagement-rings/products/marquise-moissanite-double-band-ring,marquise engagement rings,Lyndi - Marquise,"Rs. 129,500.00","https://zenmoissanite.com/cdn/shop/products/12x6mmLyndi-14kYG-Size5.5.jpg, https://zenmoissanite.com/cdn/shop/products/12x6mmLyndi-14kYG-Size5.5-2.jpg, https://zenmoissanite.com/cdn/shop/products/12x6mmLyndi-14kYG-Size5.5-3.jpg, https://zenmoissanite.com/cdn/shop/products/12x6mmLyndi-14kYG-Size5.5-4.jpg, https://zenmoissanite.com/cdn/shop/products/12x6mmLyndi-14kYG-Size5.5Closeup.jpg, https://zenmoissanite.com/cdn/shop/products/12x6mmLyndi-14kYG-Size5.5Closeup-2.jpg, https://zenmoissanite.com/cdn/shop/products/12x6mmLyndi-14kYG-Size5.5Closeup-3.jpg, https://zenmoissanite.com/cdn/shop/products/12x6mmLyndi-14kYG-Size5.5Closeup-4.jpg, https://zenmoissanite.com/cdn/shop/products/12x6mmLyndi-14kYG-Size5.5Lifestyle-2.jpg, https://zenmoissanite.com/cdn/shop/products/12x6mmLyndi-14kYG-Size5.5Lifestyle-3.jpg, https://zenmoissanite.com/cdn/shop/products/12x6mmLyndi-14kYG-Size5.5Lifestyle-4.jpg",,,"['MOISSANITE', 'LAB-DIAMOND']","14k rose gold, 14k yellow gold,  14k white gold,  18k rose gold, 18k yellow gold, 18k white gold, platinum",", 3.25, 3.5, 3.75, 4, 4.25, 4.5, 4.75, 5, 5.25, 5.5, 5.75, 6, 6.25, 6.5, 6.75, 7, 7.25, 7.5, 7.75, 8, 8.25, 8.50, 8.75, 9, 9.25, 9.5, 9.75, 10, 10.25, 10.5, 10.75, 11, 11.25, 11.5, 11.75, 12, 12.25, 12.5, 12.75, 12.75+ Contact our team for additional sizes",,,"THIN, STANDARD, WIDE, CUSTOM",12x6mm marquise,14k yellow gold,Shown on a size 4.75 finger,Gold of choice + Moissanite from Zen Moissanite,Marquise,VVS1-VVS2,Colorless (DEF),
https://zenmoissanite.com/collections/marquise-engagement-rings/products/the-nicola-pear-3-stone-ring,marquise engagement rings,Nicola - Pear,"Rs. 168,900.00","https://zenmoissanite.com/cdn/shop/products/10x8mm_5.5x3.5mmPearBrilliantNicola-14kWG-Size7_0ba53bf6-fdf9-44e0-85b1-413dffcb5ec3.jpg, https://zenmoissanite.com/cdn/shop/products/10x8mm_5.5x3.5mmPearBrilliantNicola-14kWG-Size7-2.jpg, https://zenmoissanite.com/cdn/shop/products/10x8mm_5.5x3.5mmPearBrilliantNicola-14kWG-Size7-3.jpg, https://zenmoissanite.com/cdn/shop/products/10x8mm_5.5x3.5mmPearBrilliantNicola-14kWG-Size7-4.jpg, https://zenmoissanite.com/cdn/shop/products/10x8mm_5.5x3.5mmPearBrilliantNicola-14kWG-Size7-5.jpg, https://zenmoissanite.com/cdn/shop/products/10x8mm_5.5x3.5mmPearBrilliantNicola-14kWG-Size7Lifestyle-4.jpg, https://zenmoissanite.com/cdn/shop/products/10x8mm_5.5x3.5mmPearBrilliantNicola-14kWG-Size7Lifestyle-5.jpg, https://zenmoissanite.com/cdn/shop/products/10x8mm_5.5x3.5mmPearBrilliantNicola-14kWG-Size7Lifestyle-8.jpg, https://zenmoissanite.com/cdn/shop/products/10x8mm_5.5x3.5mmPearBrilliantNicola-14kWG-Size7Lifestyle.jpg, https://zenmoissanite.com/cdn/shop/products/fba89096610d4de0b5e9b458399e8973.thumbnail.0000000_610x.jpg, https://zenmoissanite.com/cdn/shop/products/41d15e79ed3c4f02a7f1551ba7c66acf.thumbnail.0000000_610x.jpg",https://zenmoissanite.com/cdn/shop/videos/c/vp/fba89096610d4de0b5e9b458399e8973/fba89096610d4de0b5e9b458399e8973.HD-1080p-7.2Mbps.mp4?v=0,,[],,,"1.2cte total weight, 1.6cte total weight, 2.3cte total weight, 2.8cte total weight, 3.5cte total weight, 4cte total weight","1.2cte total weight, 1.6cte total weight, 2.3cte total weight, 2.8cte total weight, 3.5cte total weight, 4cte total weight",,10x8mm pear brilliant center stone & 5.5x3.5mm side stones,14k white gold,Shown on a size 4.75 finger,Metal of choice + Moissanite from Zen Moissanite,Pear (brilliant or crushed ice),VVS1-VVS2,Colorless (DEF),Stone layouts listed (customizable):1.2cte total weight3x2mm pear | 8x6mm pear | 3x2mm pear1.6cte total weight3x2mm pear | 9x6mm pear | 3x2mm pear2.3cte total weight4x2.5mm pear | 10x7mm pear | 4x2.5mm pear2.8cte total weight4x2.5mm pear | 11x7mm pear | 4x2.5mm pear3.5cte total weight5.5x3mm pear | 11.5x7.5mm pear | 5.5x3mm pear4cte total weight5.5x3mm pear | 12x8mm pear | 5.5x3mm pear
https://zenmoissanite.com/collections/marquise-engagement-rings/products/nicola-round-brilliant-h-a-side-pears,marquise engagement rings,Nicola - Round & Pear,"Rs. 164,600.00","https://zenmoissanite.com/cdn/shop/files/8.5mmOECRound_5x3mmBrilliantPear_3ctetotalweight_Nicola_1.7mmplainband_-14kWG-Size6.5.jpg, https://zenmoissanite.com/cdn/shop/files/8.5mmOECRound_5x3mmBrilliantPear_3ctetotalweight_Nicola_1.7mmplainband_-14kWG-Size6.52.jpg, https://zenmoissanite.com/cdn/shop/files/8.5mmOECRound_5x3mmBrilliantPear_3ctetotalweight_Nicola_1.7mmplainband_-14kWG-Size6.53.jpg, https://zenmoissanite.com/cdn/shop/files/8.5mmOECRound_5x3mmBrilliantPear_3ctetotalweight_Nicola_1.7mmplainband_-14kWG-Size6.5Lifestyle-1.jpg, https://zenmoissanite.com/cdn/shop/files/8.5mmOECRound_5x3mmBrilliantPear_3ctetotalweight_Nicola_1.7mmplainband_-14kWG-Size6.5Lifestyle-2.jpg, https://zenmoissanite.com/cdn/shop/files/8.5mmOECRound_5x3mmBrilliantPear_3ctetotalweight_Nicola_1.7mmplainband_-14kWG-Size6.5Lifestyle-3.jpg, https://zenmoissanite.com/cdn/shop/files/8.5mmOECRound_5x3mmBrilliantPear_3ctetotalweight_Nicola_1.7mmplainband_-14kWG-Size6.5Lifestyle-4.jpg, https://zenmoissanite.com/cdn/shop/files/8.5mmOECRound_5x3mmBrilliantPear_3ctetotalweight_Nicola_1.7mmplainband_-14kWG-Size6.5Lifestyle-5.jpg, https://zenmoissanite.com/cdn/shop/files/8.5mmOECRound_5x3mmBrilliantPear_3ctetotalweight_Nicola_1.7mmplainband_-14kWG-Size6.5Lifestyle-6.jpg, https://zenmoissanite.com/cdn/shop/files/8.5mmOECRound_5x3mmBrilliantPear_3ctetotalweight_Nicola_1.7mmplainband_-14kWG-Size6.5Lifestyle-7.jpg, https://zenmoissanite.com/cdn/shop/files/8.5mmOECRound_5x3mmBrilliantPear_3ctetotalweight_Nicola_1.7mmplainband_-14kWG-Size6.5Lifestyle-8.jpg, https://zenmoissanite.com/cdn/shop/files/8.5mmOECRound_5x3mmBrilliantPear_3ctetotalweight_Nicola_1.7mmplainband_-14kWG-Size6.5Lifestyle-9.jpg, https://zenmoissanite.com/cdn/shop/files/8.5mmOECRound_5x3mmBrilliantPear_3ctetotalweight_Nicola_1.7mmplainband_-14kWG-Size6.5Lifestyle-10.jpg, https://zenmoissanite.com/cdn/shop/files/preview_images/170eee435d944fc2a9cde765c82d07f4.thumbnail.0000000000_610x.jpg, https://zenmoissanite.com/cdn/shop/files/preview_images/1b019a8ca0db402fb54c08fe754fca85.thumbnail.0000000000_610x.jpg",https://zenmoissanite.com/cdn/shop/videos/c/vp/170eee435d944fc2a9cde765c82d07f4/170eee435d944fc2a9cde765c82d07f4.HD-1080p-7.2Mbps-27058334.mp4?v=0,,[],,,"1.1cte total weight, 1.35cte total weight, 1.7cte total weight, 2.4cte total weight, 3.2cte total weight, 3.7cte total weight, 4.6cte total weight","1.1cte total weight, 1.35cte total weight, 1.7cte total weight, 2.4cte total weight, 3.2cte total weight, 3.7cte total weight, 4.6cte total weight",,3cte total weight,5x3mm pear | 8.5mm OEC | 5x3mm pear,14k white gold,Moissanite from Zen Moissanite,Round (choice of round brilliant/H&A or Old European Cut/OEC) center stone & side pear brilliants,VVS1/VVS2,Colorless (DEF),Stone layouts listed (customizable):1.1cte total weight3x2mm pear | 6.5mm H&A | 3x2mm pear1.35cte total weight3x2mm pear | 7mm H&A | 3x2mm pear1.7cte total weight4x2mm pear | 7.5mm H&A | 4x2mm pear2.4cte total weight5x3mm pear | 8mm H&A | 5x3mm pear3.2cte total weight6x4mm pear | 8.5mm H&A | 6x4mm pear3.7cte total weight6x4mm pear | 9mm H&A | 6x4mm pear4.6cte total weight7x5mm pear | 9.5mm H&A | 7x5mm pear
https://zenmoissanite.com/collections/marquise-engagement-rings/products/ophelia-pear,marquise engagement rings,Ophelia (Pavé) - Pear (Teal),"Rs. 154,100.00","https://zenmoissanite.com/cdn/shop/files/InStock_11x7.5mm_2.9cte_BrilliantPear3-prongOphelia_1.7mm3_4paveband_-14kRG-Size5.5_48b7d35d-7d34-43b0-89b5-8ec9248dd7f8.jpg, https://zenmoissanite.com/cdn/shop/files/InStock_11x7.5mm_2.9cte_BrilliantPear3-prongOphelia_1.7mm3_4paveband_-14kRG-Size5.5-2_cc2085ec-706b-4c85-b7c3-29a3abb720cb.jpg, https://zenmoissanite.com/cdn/shop/files/InStock_11x7.5mm_2.9cte_BrilliantPear3-prongOphelia_1.7mm3_4paveband_-14kRG-Size5.5-3_e131f3d5-db8a-4d07-9382-f1adca1dbb50.jpg, https://zenmoissanite.com/cdn/shop/files/InStock_11x7.5mm_2.9cte_BrilliantPear3-prongOphelia_1.7mm3_4paveband_-14kRG-Size5.5-4_01043650-ccda-4395-959c-3bc29ebc983e.jpg, https://zenmoissanite.com/cdn/shop/files/InStock_11x7.5mm_2.9cte_BrilliantPear3-prongOphelia_1.7mm3_4paveband_-14kRG-Size5.5Lifestyle-5_9ea243de-9ab0-4531-b961-c36abfec514b.jpg, https://zenmoissanite.com/cdn/shop/files/InStock_11x7.5mm_2.9cte_BrilliantPear3-prongOphelia_1.7mm3_4paveband_-14kRG-Size5.5Lifestyle-3_0f209f9e-f604-4cb5-a159-1404d381e9de.jpg, https://zenmoissanite.com/cdn/shop/files/InStock_11x7.5mm_2.9cte_BrilliantPear3-prongOphelia_1.7mm3_4paveband_-14kRG-Size5.5Lifestyle-2_523e7adf-23c8-4ba9-8f3e-385de3e2b45d.jpg, https://zenmoissanite.com/cdn/shop/files/InStock_11x7.5mm_2.9cte_BrilliantPear3-prongOphelia_1.7mm3_4paveband_-14kRG-Size5.5Lifestyle_12d4f95b-6401-4277-a596-ce523101de60.jpg, https://zenmoissanite.com/cdn/shop/products/8c6c8d6011b34d0e85c439d17a84cdf4.thumbnail.0000000000_610x.jpg",https://zenmoissanite.com/cdn/shop/videos/c/vp/8c6c8d6011b34d0e85c439d17a84cdf4/8c6c8d6011b34d0e85c439d17a84cdf4.HD-1080p-7.2Mbps-9711929.mp4?v=0,,[],,,,,,11x7.5mm (2.95cte) pear brilliant (dark green/blue) Zen Moissanite,14k rose gold,3/4 pavé,Moissanite from Zen Moissanite,Pear,VVS1-VVS2,Teal,"Pavé covers 3/4 of band (customizable upon request).Please note that all of our standard ring settings come with moissanite accent stones (band pavé stones, halo stones, hidden halo, etc.) even if you select a lab-diamond center stone. If you are interested in lab-diamond accent stones, our team can provide a quote based off of your order after your order has been placed. Please notify our team of your interest for lab-diamond accent stones in the notes section of the order, or via email at team@zenmoissanite.com"
https://zenmoissanite.com/collections/marquise-engagement-rings/products/ophelia-pear-teal,marquise engagement rings,Ophelia - Pear (Teal),"Rs. 123,300.00","https://zenmoissanite.com/cdn/shop/files/10x7mm_2.1cte_TealBrilliantPear3-prongOphelia_1.7mmplainband_-14kWG-Size63.jpg, https://zenmoissanite.com/cdn/shop/files/10x7mm_2.1cte_TealBrilliantPear3-prongOphelia_1.7mmplainband_-14kWG-Size64.jpg, https://zenmoissanite.com/cdn/shop/files/10x7mm_2.1cte_TealBrilliantPear3-prongOphelia_1.7mmplainband_-14kWG-Size6.jpg, https://zenmoissanite.com/cdn/shop/files/10x7mm_2.1cte_TealBrilliantPear3-prongOphelia_1.7mmplainband_-14kWG-Size62.jpg, https://zenmoissanite.com/cdn/shop/files/10x7mm_2.1cte_TealBrilliantPear3-prongOphelia_1.7mmplainband_-14kWG-Size6-Lifestyles-1.jpg, https://zenmoissanite.com/cdn/shop/files/10x7mm_2.1cte_TealBrilliantPear3-prongOphelia_1.7mmplainband_-14kWG-Size6-Lifestyles-2.jpg, https://zenmoissanite.com/cdn/shop/files/10x7mm_2.1cte_TealBrilliantPear3-prongOphelia_1.7mmplainband_-14kWG-Size6-Lifestyles-5.jpg, https://zenmoissanite.com/cdn/shop/files/10x7mm_2.1cte_TealBrilliantPear3-prongOphelia_1.7mmplainband_-14kWG-Size6-Lifestyles-6.jpg, https://zenmoissanite.com/cdn/shop/files/10x7mm_2.1cte_TealBrilliantPear3-prongOphelia_1.7mmplainband_-14kWG-Size6-Lifestyles-3.jpg, https://zenmoissanite.com/cdn/shop/files/10x7mm_2.1cte_TealBrilliantPear3-prongOphelia_1.7mmplainband_-14kWG-Size6-Lifestyles-4.jpg, https://zenmoissanite.com/cdn/shop/files/preview_images/20d145b0bed14b79bfd059ca2dda80b9.thumbnail.0000000000_610x.jpg",https://zenmoissanite.com/cdn/shop/videos/c/vp/20d145b0bed14b79bfd059ca2dda80b9/20d145b0bed14b79bfd059ca2dda80b9.HD-1080p-7.2Mbps-32513317.mp4?v=0,,[],,,,,,10x7mm (2.1cte) pear brilliant (dark green/blue) Zen Moissanite,14k white gold,1.7mm band,Moissanite from Zen Moissanite,Pear,VVS1-VVS2,Teal,"Please note that all of our standard ring settings come with moissanite accent stones (band pavé stones, halo stones, hidden halo, etc.) even if you select a lab-diamond center stone. If you are interested in lab-diamond accent stones, our team can provide a quote based off of your order after your order has been placed. Please notify our team of your interest for lab-diamond accent stones in the notes section of the order, or via email at team@zenmoissanite.com"
https://zenmoissanite.com/collections/marquise-engagement-rings/products/the-raven-black-marquise-rose-cut-solitaire,marquise engagement rings,Raven - Marquise Rose Cut (Black),"Rs. 133,800.00","https://zenmoissanite.com/cdn/shop/products/15x7.5mmBlackRoseCutMarquiseRaven-14kRGSize5.5-4.jpg, https://zenmoissanite.com/cdn/shop/products/15x7.5mmBlackRoseCutMarquiseRaven-14kRGSize5.5-6.jpg, https://zenmoissanite.com/cdn/shop/products/15x7.5mmBlackRoseCutMarquiseRaven-14kRGSize5.5-8.jpg, https://zenmoissanite.com/cdn/shop/products/15x7.5mmBlackRoseCutMarquiseRaven-14kRGSize5.5-10.jpg, https://zenmoissanite.com/cdn/shop/products/15x7.5mmBlackRoseCutMarquiseRaven-14kRGSize5.5-11.jpg, https://zenmoissanite.com/cdn/shop/products/15x7.5mmBlackRoseCutMarquiseRaven-14kRGSize5.5-3.jpg, https://zenmoissanite.com/cdn/shop/products/15x7.5mmBlackRoseCutMarquiseRaven-14kRGSize5.5-5.jpg, https://zenmoissanite.com/cdn/shop/products/15x7.5mmBlackRoseCutMarquiseRaven-14kRGSize5.5-9.jpg, https://zenmoissanite.com/cdn/shop/products/15x7.5mmBlackRoseCutMarquiseRaven-14kRGSize5.5-7.jpg, https://zenmoissanite.com/cdn/shop/products/15x7.5mmBlackRoseCutMarquiseRaven-14kRGSize5.5-1.jpg, https://zenmoissanite.com/cdn/shop/products/15x7.5mmBlackRoseCutMarquiseRaven-14kRGSize5.5-2.jpg",,,[],,,"10x5mm (0.8cte), 11x5.5mm (1.1cte), 12x6mm (1.5cte), 13x6.5mm (2cte), 14x7mm (2.4cte), 15x7.5mm (2.8cte), 16x8mm (3.3cte)","10x5mm (0.8cte), 11x5.5mm (1.1cte), 12x6mm (1.5cte), 13x6.5mm (2cte), 14x7mm (2.4cte), 15x7.5mm (2.8cte), 16x8mm (3.3cte)",,15x7.5mm marquise rose cut black moissanite,14k rose gold,Shown on a size 4.75 finger,Metal of choice + Moissanite from Zen Moissanite,Marquise rose cut,VVS1/VVS2,Black,
https://zenmoissanite.com/collections/marquise-engagement-rings/products/sienna-toi-moi-ring-marquise-pear,marquise engagement rings,Sienna - Marquise & Pear,"Rs. 209,600.00","https://zenmoissanite.com/cdn/shop/files/12.5x6.25mmMarquise_10x6mmCrushedIcePear_4cttotalweight_Sienna_1.7mmplainband_-18kYG-Size5.jpg, https://zenmoissanite.com/cdn/shop/files/12.5x6.25mmMarquise_10x6mmCrushedIcePear_4cttotalweight_Sienna_1.7mmplainband_-18kYG-Size5-Lifestyle-1.jpg, https://zenmoissanite.com/cdn/shop/files/12.5x6.25mmMarquise_10x6mmCrushedIcePear_4cttotalweight_Sienna_1.7mmplainband_-18kYG-Size5-Lifestyle-2.jpg, https://zenmoissanite.com/cdn/shop/files/12.5x6.25mmMarquise_10x6mmCrushedIcePear_4cttotalweight_Sienna_1.7mmplainband_-18kYG-Size5-Lifestyle-3.jpg, https://zenmoissanite.com/cdn/shop/files/preview_images/b3a86f49c5254dcfb79b98e4510754e3.thumbnail.0000000000_610x.jpg, https://zenmoissanite.com/cdn/shop/files/preview_images/c3e0593e77314bcdb28f38b52f6d7e91.thumbnail.0000000000_610x.jpg, https://zenmoissanite.com/cdn/shop/files/preview_images/4c4e9ae41acb4665b3c1abf8f356d809.thumbnail.0000000000_610x.jpg",https://zenmoissanite.com/cdn/shop/videos/c/vp/b3a86f49c5254dcfb79b98e4510754e3/b3a86f49c5254dcfb79b98e4510754e3.HD-1080p-7.2Mbps-25775740.mp4?v=0,,[],,,"2cte total weight, 2.5cte total weight, 3cte total weight, 4cte total weight, 5cte total weight","2cte total weight, 2.5cte total weight, 3cte total weight, 4cte total weight, 5cte total weight",,4ct total weight version (10x6mm pear crushed ice & 12.5x6.25mm marquise),in 18k yellow gold,Shown on a size 4.75 finger,Metal of choice + Moissanite from Zen Moissanite,Pear crushed ice & marquise (customizable),VVS1/VVS2,Colorless (DEF),Toi & Moi Ring
https://zenmoissanite.com/collections/marquise-engagement-rings/products/sienna-pear-champagne-colourless,marquise engagement rings,Sienna - Pear (Champagne & Colourless),"Rs. 209,600.00","https://zenmoissanite.com/cdn/shop/files/10x6mm_1.8cte_BrilliantPear_ColourlessandChampagne_Sienna_3.6ctetotalweight_1.7mmplainband_-14kYG-Size6-1.jpg, https://zenmoissanite.com/cdn/shop/files/10x6mm_1.8cte_BrilliantPear_ColourlessandChampagne_Sienna_3.6ctetotalweight_1.7mmplainband_-14kYG-Size6-2.jpg, https://zenmoissanite.com/cdn/shop/files/10x6mm_1.8cte_BrilliantPear_ColourlessandChampagne_Sienna_3.6ctetotalweight_1.7mmplainband_-14kYG-Size6-3.jpg, https://zenmoissanite.com/cdn/shop/files/10x6mm_1.8cte_BrilliantPear_ColourlessandChampagne_Sienna_3.6ctetotalweight_1.7mmplainband_-14kYG-Size6-4.jpg, https://zenmoissanite.com/cdn/shop/files/10x6mm_1.8cte_BrilliantPear_ColourlessandChampagne_Sienna_3.6ctetotalweight_1.7mmplainband_-14kYG-Size6-Lifestyles-2.jpg, https://zenmoissanite.com/cdn/shop/files/10x6mm_1.8cte_BrilliantPear_ColourlessandChampagne_Sienna_3.6ctetotalweight_1.7mmplainband_-14kYG-Size6-Lifestyles-3.jpg, https://zenmoissanite.com/cdn/shop/files/10x6mm_1.8cte_BrilliantPear_ColourlessandChampagne_Sienna_3.6ctetotalweight_1.7mmplainband_-14kYG-Size6-Lifestyles-4.jpg, https://zenmoissanite.com/cdn/shop/files/10x6mm_1.8cte_BrilliantPear_ColourlessandChampagne_Sienna_3.6ctetotalweight_1.7mmplainband_-14kYG-Size6-Lifestyles-5.jpg, https://zenmoissanite.com/cdn/shop/files/10x6mm_1.8cte_BrilliantPear_ColourlessandChampagne_Sienna_3.6ctetotalweight_1.7mmplainband_-14kYG-Size6-Lifestyles-6.jpg, https://zenmoissanite.com/cdn/shop/files/10x6mm_1.8cte_BrilliantPear_ColourlessandChampagne_Sienna_3.6ctetotalweight_1.7mmplainband_-14kYG-Size6-Lifestyles-7.jpg, https://zenmoissanite.com/cdn/shop/files/10x6mm_1.8cte_BrilliantPear_ColourlessandChampagne_Sienna_3.6ctetotalweight_1.7mmplainband_-14kYG-Size6-Lifestyles-8.jpg, https://zenmoissanite.com/cdn/shop/files/10x6mm_1.8cte_BrilliantPear_ColourlessandChampagne_Sienna_3.6ctetotalweight_1.7mmplainband_-14kYG-Size6-Lifestyles-9.jpg, https://zenmoissanite.com/cdn/shop/files/10x6mm_1.8cte_BrilliantPear_ColourlessandChampagne_Sienna_3.6ctetotalweight_1.7mmplainband_-14kYG-Size6-Lifestyles-10.jpg, https://zenmoissanite.com/cdn/shop/files/10x6mm_1.8cte_BrilliantPear_ColourlessandChampagne_Sienna_3.6ctetotalweight_1.7mmplainband_-14kYG-Size6-Lifestyles-11.jpg, https://zenmoissanite.com/cdn/shop/files/preview_images/fad6779a0bdb4105a3a383afa2d87740.thumbnail.0000000000_610x.jpg, https://zenmoissanite.com/cdn/shop/files/preview_images/2689e202feb54d76a0271cb93e2309d3.thumbnail.0000000000_610x.jpg, https://zenmoissanite.com/cdn/shop/files/preview_images/f194eee58ecd4e25aa6574062416d36d.thumbnail.0000000000_610x.jpg",https://zenmoissanite.com/cdn/shop/videos/c/vp/fad6779a0bdb4105a3a383afa2d87740/fad6779a0bdb4105a3a383afa2d87740.HD-1080p-7.2Mbps-22879981.mp4?v=0,,[],,,"2cte total weight, 2.2cte total weight, 3cte total weight, 3.6cte total weight, 4.2cte total weight, 5.2cte total weight","2cte total weight, 2.2cte total weight, 3cte total weight, 3.6cte total weight, 4.2cte total weight, 5.2cte total weight",,3.6ct total weight version,in 14k yellow gold,Shown on a size 4.75 finger,Metal of choice + Moissanite from Zen Moissanite,Pear (brilliant or crushed ice),VVS1/VVS2,Colorless (DEF) & Champagne,Toi & Moi Ring
https://zenmoissanite.com/collections/marquise-engagement-rings/products/tiana-3-row-pave-emerald-pear,marquise engagement rings,Tiana (3-row Pavé) - Emerald & Pear,"Rs. 325,100.00","https://zenmoissanite.com/cdn/shop/files/10x7mmCrushedIcePear_9.5x6.5mmEmerald_4cttotalweight_Tiana_1.8mm3_4pave3-rowband_-14kRG-Size4.75.jpg, https://zenmoissanite.com/cdn/shop/files/10x7mmCrushedIcePear_9.5x6.5mmEmerald_4cttotalweight_Tiana_1.8mm3_4pave3-rowband_-14kRG-Size4.752.jpg, https://zenmoissanite.com/cdn/shop/files/10x7mmCrushedIcePear_9.5x6.5mmEmerald_4cttotalweight_Tiana_1.8mm3_4pave3-rowband_-14kRG-Size4.753.jpg, https://zenmoissanite.com/cdn/shop/files/10x7mmCrushedIcePear_9.5x6.5mmEmerald_4cttotalweight_Tiana_1.8mm3-4pave3-rowband_-14kRG-Size4.75-Lifestyle-2.jpg, https://zenmoissanite.com/cdn/shop/files/10x7mmCrushedIcePear_9.5x6.5mmEmerald_4cttotalweight_Tiana_1.8mm3-4pave3-rowband_-14kRG-Size4.75-Lifestyle-1.jpg, https://zenmoissanite.com/cdn/shop/files/10x7mmCrushedIcePear_9.5x6.5mmEmerald_4cttotalweight_Tiana_1.8mm3-4pave3-rowband_-14kRG-Size4.75-Lifestyle-3.jpg, https://zenmoissanite.com/cdn/shop/files/10x7mmCrushedIcePear_9.5x6.5mmEmerald_4cttotalweight_Tiana_1.8mm3-4pave3-rowband_-14kRG-Size4.75-Lifestyle-4.jpg, https://zenmoissanite.com/cdn/shop/files/10x7mmCrushedIcePear_9.5x6.5mmEmerald_4cttotalweight_Tiana_1.8mm3-4pave3-rowband_-14kRG-Size4.75-Lifestyle-5.jpg, https://zenmoissanite.com/cdn/shop/files/10x7mmCrushedIcePear_9.5x6.5mmEmerald_4cttotalweight_Tiana_1.8mm3-4pave3-rowband_-14kRG-Size4.75-Lifestyle-6.jpg, https://zenmoissanite.com/cdn/shop/files/preview_images/27c7b38e226348ae8569b796ea4de917.thumbnail.0000000000_610x.jpg, https://zenmoissanite.com/cdn/shop/files/preview_images/40635c2207784b618672234e097cce65.thumbnail.0000000000_610x.jpg",https://zenmoissanite.com/cdn/shop/videos/c/vp/27c7b38e226348ae8569b796ea4de917/27c7b38e226348ae8569b796ea4de917.HD-1080p-7.2Mbps-25778744.mp4?v=0,,[],,,"2cte total weight, 3cte total weight, 4cte total weight, 5cte total weight","2cte total weight, 3cte total weight, 4cte total weight, 5cte total weight",,4ct total weight version (pear brilliant & emerald),14k rose gold,Shown on a size 4.75 finger,Metal of choice + Moissanite from Zen Moissanite,Pear & emerald cut (customizable),VVS1/VVS2,Colorless (DEF),
https://zenmoissanite.com/collections/marquise-engagement-rings/products/tiana-pave-emerald-pear,marquise engagement rings,Tiana (with pavé) - Emerald & Pear,"Rs. 295,800.00","https://zenmoissanite.com/cdn/shop/products/9.5x7mmEmerald_9.5x6.5mmBrilliantPear_4.5cttotalweight_Tiana_1.8mm3_4paveband_-14kYG-Size6.jpg, https://zenmoissanite.com/cdn/shop/products/9.5x7mmEmerald_9.5x6.5mmBrilliantPear_4.5cttotalweight_Tiana_1.8mm3_4paveband_-14kYG-Size6-2.jpg, https://zenmoissanite.com/cdn/shop/products/9.5x7mmEmerald_9.5x6.5mmBrilliantPear_4.5cttotalweight_Tiana_1.8mm3_4paveband_-14kYG-Size6-3.jpg, https://zenmoissanite.com/cdn/shop/products/9.5x7mmEmerald_9.5x6.5mmBrilliantPear_4.5cttotalweight_Tiana_1.8mm3_4paveband_-14kYG-Size6-4.jpg, https://zenmoissanite.com/cdn/shop/products/9.5x7mmEmerald_9.5x6.5mmBrilliantPear_4.5cttotalweight_Tiana_1.8mm3_4paveband_-14kYG-Size6-5.jpg, https://zenmoissanite.com/cdn/shop/products/9.5x7mmEmerald_9.5x6.5mmBrilliantPear_4.5cttotalweight_Tiana_1.8mm3_4paveband_-14kYG-Size6Closeup-2.jpg, https://zenmoissanite.com/cdn/shop/products/9.5x7mmEmerald_9.5x6.5mmBrilliantPear_4.5cttotalweight_Tiana_1.8mm3_4paveband_-14kYG-Size6Lifestyle-2.jpg, https://zenmoissanite.com/cdn/shop/products/9.5x7mmEmerald_9.5x6.5mmBrilliantPear_4.5cttotalweight_Tiana_1.8mm3_4paveband_-14kYG-Size6Lifestyle.jpg, https://zenmoissanite.com/cdn/shop/products/08fb17253091424487cbea1309f0f021.thumbnail.0000000000_610x.jpg, https://zenmoissanite.com/cdn/shop/products/752d65c9732f4a379c0c2e01850088b9.thumbnail.0000000000_610x.jpg",https://zenmoissanite.com/cdn/shop/videos/c/vp/08fb17253091424487cbea1309f0f021/08fb17253091424487cbea1309f0f021.HD-1080p-7.2Mbps-11670634.mp4?v=0,,[],,,"2cte total weight, 3cte total weight, 4cte total weight, 5cte total weight","2cte total weight, 3cte total weight, 4cte total weight, 5cte total weight",,4.5ct total weight version (pear brilliant & emerald),14k yellow gold,Shown on a size 4.75 finger,Metal of choice + Moissanite from Zen Moissanite,Pear brilliant & princess cut (customizable),VVS1/VVS2,Colorless (DEF),"Option between single row of pavé, or 3-row pavé (covers 3/4)."
https://zenmoissanite.com/collections/marquise-engagement-rings/products/the-tiana-toi-moi-ring-emerald-pear,marquise engagement rings,Tiana - Emerald & Pear,"Rs. 203,400.00","https://zenmoissanite.com/cdn/shop/products/9x6.5mmEmerald_9.5x6.5mmPearBrilliantToi_Moi-14kRG-Size5.25_-2.jpg, https://zenmoissanite.com/cdn/shop/products/9x6.5mmEmerald_9.5x6.5mmPearBrilliantToi_Moi-14kRG-Size5.25_-3.jpg, https://zenmoissanite.com/cdn/shop/products/9x6.5mmEmerald_9.5x6.5mmPearBrilliantToi_Moi-14kRG-Size5.25_-4.jpg, https://zenmoissanite.com/cdn/shop/products/9x6.5mmEmerald_9.5x6.5mmPearBrilliantToi_Moi-14kRG-Size5.25_-5.jpg, https://zenmoissanite.com/cdn/shop/products/9x6.5mmEmerald_9.5x6.5mmPearBrilliantToi_Moi-14kRG-Size5.25_-6.jpg, https://zenmoissanite.com/cdn/shop/products/9x6.5mmEmerald_9.5x6.5mmPearBrilliantToi_Moi-14kRG-Size5.25Lifestyle-2.jpg, https://zenmoissanite.com/cdn/shop/products/9x6.5mmEmerald_9.5x6.5mmPearBrilliantToi_Moi-14kRG-Size5.25Lifestyle.jpg, https://zenmoissanite.com/cdn/shop/products/9x6.5mmEmerald_9.5x6.5mmPearBrilliantToi_Moi-14kRG-Size5.25Lifestyle-3.jpg",,,[],,,"2cte total weight, 3cte total weight, 4cte total weight, 5cte total weight","2cte total weight, 3cte total weight, 4cte total weight, 5cte total weight",,4ct total weight version (pear brilliant & emerald),14k rose gold,Shown on a size 4.75 finger,Metal of choice + Moissanite from Zen Moissanite,Pear & emerald cut (customizable),VVS1/VVS2,Colorless (DEF),
https://zenmoissanite.com/collections/marquise-engagement-rings/products/tiana-emerald-lab-emerald-pear,marquise engagement rings,Tiana - Emerald (Lab-Emerald) & Pear,"Rs. 191,100.00","https://zenmoissanite.com/cdn/shop/products/9.5x7mmStepCutLab-Emerlad_10.5x7mmColorlessBrilliantPear_5.15ctetotalweight_Tiana_1.8mmplainband_-Platinum-Size8.75.jpg, https://zenmoissanite.com/cdn/shop/products/9.5x7mmStepCutLab-Emerlad_10.5x7mmColorlessBrilliantPear_5.15ctetotalweight_Tiana_1.8mmplainband_-Platinum-Size8.75-2.jpg, https://zenmoissanite.com/cdn/shop/products/9.5x7mmStepCutLab-Emerlad_10.5x7mmColorlessBrilliantPear_5.15ctetotalweight_Tiana_1.8mmplainband_-Platinum-Size8.75-3.jpg, https://zenmoissanite.com/cdn/shop/products/9.5x7mmStepCutLab-Emerlad_10.5x7mmColorlessBrilliantPear_5.15ctetotalweight_Tiana_1.8mmplainband_-Platinum-Size8.75-4.jpg, https://zenmoissanite.com/cdn/shop/products/9.5x7mmStepCutLab-Emerlad_10.5x7mmColorlessBrilliantPear_5.15ctetotalweight_Tiana_1.8mmplainband_-Platinum-Size8.75-5.jpg, https://zenmoissanite.com/cdn/shop/products/9.5x7mmStepCutLab-Emerlad_10.5x7mmColorlessBrilliantPear_5.15ctetotalweight_Tiana_1.8mmplainband_-Platinum-Size8.75Closeup-2.jpg, https://zenmoissanite.com/cdn/shop/products/9.5x7mmStepCutLab-Emerlad_10.5x7mmColorlessBrilliantPear_5.15ctetotalweight_Tiana_1.8mmplainband_-Platinum-Size8.75Lifestyle-7.jpg, https://zenmoissanite.com/cdn/shop/products/9.5x7mmStepCutLab-Emerlad_10.5x7mmColorlessBrilliantPear_5.15ctetotalweight_Tiana_1.8mmplainband_-Platinum-Size8.75Lifestyle-6.jpg, https://zenmoissanite.com/cdn/shop/products/9.5x7mmStepCutLab-Emerlad_10.5x7mmColorlessBrilliantPear_5.15ctetotalweight_Tiana_1.8mmplainband_-Platinum-Size8.75Lifestyle-5.jpg, https://zenmoissanite.com/cdn/shop/products/9.5x7mmStepCutLab-Emerlad_10.5x7mmColorlessBrilliantPear_5.15ctetotalweight_Tiana_1.8mmplainband_-Platinum-Size8.75Lifestyle-2.jpg, https://zenmoissanite.com/cdn/shop/products/9.5x7mmStepCutLab-Emerlad_10.5x7mmColorlessBrilliantPear_5.15ctetotalweight_Tiana_1.8mmplainband_-Platinum-Size8.75Lifestyle-3.jpg, https://zenmoissanite.com/cdn/shop/products/9.5x7mmStepCutLab-Emerlad_10.5x7mmColorlessBrilliantPear_5.15ctetotalweight_Tiana_1.8mmplainband_-Platinum-Size8.75Lifestyle-4.jpg, https://zenmoissanite.com/cdn/shop/products/9.5x7mmStepCutLab-Emerlad_10.5x7mmColorlessBrilliantPear_5.15ctetotalweight_Tiana_1.8mmplainband_-Platinum-Size8.75Lifestyle.jpg, https://zenmoissanite.com/cdn/shop/products/f09e9b3e8f104382a07ccef2518ad1db.thumbnail.0000000000_610x.jpg, https://zenmoissanite.com/cdn/shop/products/5221369cb7644a36ab7480e3c6f37df4.thumbnail.0000000000_610x.jpg",https://zenmoissanite.com/cdn/shop/videos/c/vp/f09e9b3e8f104382a07ccef2518ad1db/f09e9b3e8f104382a07ccef2518ad1db.HD-1080p-7.2Mbps-12406065.mp4?v=0,,[],,,"2cte total weight, 3cte total weight, 4cte total weight, 5cte total weight","2cte total weight, 3cte total weight, 4cte total weight, 5cte total weight",,Sold and shipped as pictured.,Shown on a size 4.75 finger.,,Metal of choice + Moissanite from Zen Moissanite,Pear brilliant (moissanite) & emerald cut (lab-emerald) (customizable),,,
https://zenmoissanite.com/collections/marquise-engagement-rings/products/the-tiana-toi-moi-ring,marquise engagement rings,Tiana - Princess & Pear,"Rs. 203,400.00","https://zenmoissanite.com/cdn/shop/products/5mmPrincessCut_8x5.5mmBrilliantPear_2cttotalweight_Tiana_1.6mmplainband_-14kYG-Size5.jpg, https://zenmoissanite.com/cdn/shop/products/5mmPrincessCut_8x5.5mmBrilliantPear_2cttotalweight_Tiana_1.6mmplainband_-14kYG-Size5-2.jpg, https://zenmoissanite.com/cdn/shop/products/5mmPrincessCut_8x5.5mmBrilliantPear_2cttotalweight_Tiana_1.6mmplainband_-14kYG-Size5-3.jpg, https://zenmoissanite.com/cdn/shop/products/5mmPrincessCut_8x5.5mmBrilliantPear_2cttotalweight_Tiana_1.6mmplainband_-14kYG-Size5-4.jpg, https://zenmoissanite.com/cdn/shop/products/5mmPrincessCut_8x5.5mmBrilliantPear_2cttotalweight_Tiana_1.6mmplainband_-14kYG-Size5-5.jpg, https://zenmoissanite.com/cdn/shop/products/5mmPrincessCut_8x5.5mmBrilliantPear_2cttotalweight_Tiana_1.6mmplainband_-14kYG-Size5Lifestyle-3.jpg, https://zenmoissanite.com/cdn/shop/products/5mmPrincessCut_8x5.5mmBrilliantPear_2cttotalweight_Tiana_1.6mmplainband_-14kYG-Size5Lifestyle-4.jpg, https://zenmoissanite.com/cdn/shop/products/5mmPrincessCut_8x5.5mmBrilliantPear_2cttotalweight_Tiana_1.6mmplainband_-14kYG-Size5Lifestyle.jpg, https://zenmoissanite.com/cdn/shop/products/cb215ea2f0f7487a930f5ccca5bfdf79.thumbnail.0000000000_610x.jpg",https://zenmoissanite.com/cdn/shop/videos/c/vp/cb215ea2f0f7487a930f5ccca5bfdf79/cb215ea2f0f7487a930f5ccca5bfdf79.HD-1080p-7.2Mbps-8392224.mp4?v=0,,[],,,"2cte total weight, 3cte total weight, 4cte total weight, 5cte total weight","2cte total weight, 3cte total weight, 4cte total weight, 5cte total weight",,2cte total weight version (pear brilliant & princess cut),14k yellow gold,Shown on a size 4.75 finger,Metal of choice + Moissanite from Zen Moissanite,Pear brilliant & princess cut (customizable),VVS1-VVS2,Colorless (DEF),Toi & Moi Ring
https://zenmoissanite.com/collections/marquise-engagement-rings/products/veronica-marquise,marquise engagement rings,Veronica - Marquise,"Rs. 89,400.00","https://zenmoissanite.com/cdn/shop/files/14x7mm_2.8cte_Marquise6-prongVeronica_1.7mmplainband_-18kYG-Size4.5-3-12_0d8386d1-2ded-4fad-8d36-06dc26808aa9.jpg, https://zenmoissanite.com/cdn/shop/files/14x7mm_2.8cte_Marquise6-prongVeronica_1.7mmplainband_-18kYG-Size4.5-3-12.jpg, https://zenmoissanite.com/cdn/shop/files/14x7mm_2.8cte_Marquise6-prongVeronica_1.7mmplainband_-18kYG-Size4.5-3-13.jpg, https://zenmoissanite.com/cdn/shop/files/14x7mm_2.8cte_Marquise6-prongVeronica_1.7mmplainband_-18kYG-Size4.5-3-14.jpg, https://zenmoissanite.com/cdn/shop/files/14x7mm_2.8cte_Marquise6-prongVeronica_1.7mmplainband_-18kYG-Size4.5-3-15.jpg, https://zenmoissanite.com/cdn/shop/files/14x7mm_2.8cte_Marquise6-prongVeronica_1.7mmplainband_-18kYG-Size4.5Lifestyle-5.jpg, https://zenmoissanite.com/cdn/shop/files/14x7mm_2.8cte_Marquise6-prongVeronica_1.7mmplainband_-18kYG-Size4.5Lifestyle-2.jpg, https://zenmoissanite.com/cdn/shop/files/14x7mm_2.8cte_Marquise6-prongVeronica_1.7mmplainband_-18kYG-Size4.5Lifestyle.jpg, https://zenmoissanite.com/cdn/shop/files/preview_images/bc0a8e2d6e9c427182daf88bfc6d8edf.thumbnail.0000000000_610x.jpg, https://zenmoissanite.com/cdn/shop/files/14x7mm_2.8cte_Marquise6-prongVeronica_1.7mmplainband_-18kYG-Size4.5Lifestyle-3.jpg",https://zenmoissanite.com/cdn/shop/videos/c/vp/bc0a8e2d6e9c427182daf88bfc6d8edf/bc0a8e2d6e9c427182daf88bfc6d8edf.HD-1080p-7.2Mbps-16919980.mp4?v=0,,"['MOISSANITE', 'LAB-DIAMOND']","14k rose gold, 14k yellow gold,  14k white gold,  18k rose gold, 18k yellow gold, 18k white gold, platinum",", 3.25, 3.5, 3.75, 4, 4.25, 4.5, 4.75, 5, 5.25, 5.5, 5.75, 6, 6.25, 6.5, 6.75, 7, 7.25, 7.5, 7.75, 8, 8.25, 8.50, 8.75, 9, 9.25, 9.5, 9.75, 10, 10.25, 10.5, 10.75, 11, 11.25, 11.5, 11.75, 12, 12.25, 12.5, 12.75, 12.75+ Contact our team for additional sizes",,,"THIN, STANDARD, WIDE, CUSTOM",14x7mm marquise,14k yellow gold,Shown on a size 4.75 finger,Metal of choice + Moissanite from Zen Moissanite,Marquise,VVS1/VVS2,Colorless (DEF),"DisclaimerDue to the invisible gallery feature, this ring design cannot undergo a standard resizing process. Please note that recasting is required for any size adjustments, whether it is to size up or down."
