URL,category,Product Title,Price,Images,Video Source,Size,Stone,Metal,Band,Finger Size Info,images_Stone_size,image_metal,image_Finger_Ring_Size,Material,Cut,Clarity,Color,Additional Fatures
https://zenmoissanite.com/collections/emerald-engagement-rings/products/the-beth-emerald-bezel-ring,emerald engagement rings,Beth - Emerald,"Rs. 111,000.00","https://zenmoissanite.com/cdn/shop/files/9x7mm_2.7cte_EmeraldBeth_1.7mmplainband_-14kWG-Size6.5.jpg, https://zenmoissanite.com/cdn/shop/files/9x7mm_2.7cte_EmeraldBeth_1.7mmplainband_-14kWG-Size6.5-2.jpg, https://zenmoissanite.com/cdn/shop/files/9x7mm_2.7cte_EmeraldBeth_1.7mmplainband_-14kWG-Size6.5-3.jpg, https://zenmoissanite.com/cdn/shop/files/9x7mm_2.7cte_EmeraldBeth_1.7mmplainband_-14kWG-Size6.5-4.jpg, https://zenmoissanite.com/cdn/shop/files/9x7mm_2.7cte_EmeraldBeth_1.7mmplainband_-14kWG-Size6.5-5.jpg, https://zenmoissanite.com/cdn/shop/files/9x7mm_2.7cte_EmeraldBeth_1.7mmplainband_-14kWG-Size6.5Lifestyle-3.jpg, https://zenmoissanite.com/cdn/shop/files/9x7mm_2.7cte_EmeraldBeth_1.7mmplainband_-14kWG-Size6.5Lifestyle-4.jpg, https://zenmoissanite.com/cdn/shop/files/9x7mm_2.7cte_EmeraldBeth_1.7mmplainband_-14kWG-Size6.5Lifestyle-6.jpg, https://zenmoissanite.com/cdn/shop/files/9x7mm_2.7cte_EmeraldBeth_1.7mmplainband_-14kWG-Size6.5Lifestyle-5.jpg, https://zenmoissanite.com/cdn/shop/files/9x7mm_2.7cte_EmeraldBeth_1.7mmplainband_-14kWG-Size6.5Lifestyle-2.jpg, https://zenmoissanite.com/cdn/shop/products/5e3b8675325a4bcab0f14853623349da.thumbnail.0000000000_610x.jpg",https://zenmoissanite.com/cdn/shop/videos/c/vp/5e3b8675325a4bcab0f14853623349da/5e3b8675325a4bcab0f14853623349da.HD-1080p-7.2Mbps-10006385.mp4?v=0,,"['MOISSANITE', 'LAB-DIAMOND']","14k rose gold, 14k yellow gold,  14k white gold,  18k rose gold, 18k yellow gold, 18k white gold, platinum","THIN, STANDARD, WIDE, CUSTOM",", 3.25, 3.5, 3.75, 4, 4.25, 4.5, 4.75, 5, 5.25, 5.5, 5.75, 6, 6.25, 6.5, 6.75, 7, 7.25, 7.5, 7.75, 8, 8.25, 8.50, 8.75, 9, 9.25, 9.5, 9.75, 10, 10.25, 10.5, 10.75, 11, 11.25, 11.5, 11.75, 12, 12.25, 12.5, 12.75, 12.75+ Contact our team for additional sizes","9x7mm emerald, 14k white gold",Shown on a size 4.75 finger,,Metal of choice + Moissanite from Zen Moissanite,Emerald,VVS,Colorless (EF),
https://zenmoissanite.com/collections/emerald-engagement-rings/products/betty-emerald,emerald engagement rings,Betty - Emerald,"Rs. 181,200.00","https://zenmoissanite.com/cdn/shop/files/InStock_8x6mm_1.75cte_East-WestEmerald4-prongBetty_2mmplainband_-14kYG-Size6.5.jpg, https://zenmoissanite.com/cdn/shop/files/InStock_8x6mm_1.75cte_East-WestEmerald4-prongBetty_2mmplainband_-14kYG-Size6.5-2.jpg, https://zenmoissanite.com/cdn/shop/files/InStock_8x6mm_1.75cte_East-WestEmerald4-prongBetty_2mmplainband_-14kYG-Size6.5-9FullRedo.jpg, https://zenmoissanite.com/cdn/shop/files/InStock_8x6mm_1.75cte_East-WestEmerald4-prongBetty_2mmplainband_-14kYG-Size6.5-3.jpg, https://zenmoissanite.com/cdn/shop/files/InStock_8x6mm_1.75cte_East-WestEmerald4-prongBetty_2mmplainband_-14kYG-Size6.5-4.jpg, https://zenmoissanite.com/cdn/shop/files/InStock_8x6mm_1.75cte_East-WestEmerald4-prongBetty_2mmplainband_-14kYG-Size6.5Lifestyle-2.jpg, https://zenmoissanite.com/cdn/shop/files/InStock_8x6mm_1.75cte_East-WestEmerald4-prongBetty_2mmplainband_-14kYG-Size6.5Lifestyle.jpg, https://zenmoissanite.com/cdn/shop/files/InStock_8x6mm_1.75cte_East-WestEmerald4-prongBetty_2mmplainband_-14kYG-Size6.5Lifestyle-3.jpg, https://zenmoissanite.com/cdn/shop/products/7a058ca1d6f445098d330637a311a319.thumbnail.0000000_610x.jpg, https://zenmoissanite.com/cdn/shop/products/b3815ec895ff49e2aaf4c247d8aec112.thumbnail.0000000_610x.jpg",https://zenmoissanite.com/cdn/shop/videos/c/vp/7a058ca1d6f445098d330637a311a319/7a058ca1d6f445098d330637a311a319.HD-1080p-7.2Mbps.mp4?v=0,,"['MOISSANITE', 'LAB-DIAMOND']","14k rose gold, 14k yellow gold,  14k white gold,  18k rose gold, 18k yellow gold, 18k white gold, platinum","THIN, STANDARD, WIDE, CUSTOM",", 3.25, 3.5, 3.75, 4, 4.25, 4.5, 4.75, 5, 5.25, 5.5, 5.75, 6, 6.25, 6.5, 6.75, 7, 7.25, 7.5, 7.75, 8, 8.25, 8.50, 8.75, 9, 9.25, 9.5, 9.75, 10, 10.25, 10.5, 10.75, 11, 11.25, 11.5, 11.75, 12, 12.25, 12.5, 12.75, 12.75+ Contact our team for additional sizes","8x6mm (1.9cte) emerald, 14k yellow gold",Shown on a size 6.5 finger,,Metal of choice + Moissanite from Zen Moissanite,Emerald,VVS,Colorless (EF),
https://zenmoissanite.com/collections/emerald-engagement-rings/products/the-caroline-emerald,emerald engagement rings,Caroline - Emerald,"Rs. 117,100.00","https://zenmoissanite.com/cdn/shop/files/10x7mmEmeraldCaroline-14kYG-Size3.75.jpg, https://zenmoissanite.com/cdn/shop/files/10x7mmEmeraldCaroline-14kYG-Size3.75-2.jpg, https://zenmoissanite.com/cdn/shop/files/10x7mmEmeraldCaroline-14kYG-Size3.75-3.jpg, https://zenmoissanite.com/cdn/shop/files/10x7mmEmeraldCaroline-14kYG-Size3.75-4.jpg, https://zenmoissanite.com/cdn/shop/files/10x7mmEmeraldCaroline-14kYG-Size3.75-5.jpg, https://zenmoissanite.com/cdn/shop/files/10x7mmEmeraldCaroline-14kYG-Size3.75Lifestyle-7.jpg, https://zenmoissanite.com/cdn/shop/files/10x7mmEmeraldCaroline-14kYG-Size3.75Lifestyle-8.jpg, https://zenmoissanite.com/cdn/shop/files/10x7mmEmeraldCaroline-14kYG-Size3.75Lifestyle-2.jpg, https://zenmoissanite.com/cdn/shop/files/10x7mmEmeraldCaroline-14kYG-Size3.75Lifestyle-5.jpg, https://zenmoissanite.com/cdn/shop/files/10x7mmEmeraldCaroline-14kYG-Size3.75Lifestyle-6.jpg, https://zenmoissanite.com/cdn/shop/files/10x7mmEmeraldCaroline-14kYG-Size3.75Lifestyle.jpg, https://zenmoissanite.com/cdn/shop/files/preview_images/962506cfec4d4cc58ecc12226c2ee50c.thumbnail.0000000000_610x.jpg, https://zenmoissanite.com/cdn/shop/files/preview_images/7f9f67b4f2534c4b81479e507cec8eba.thumbnail.0000000000_610x.jpg",https://zenmoissanite.com/cdn/shop/videos/c/vp/962506cfec4d4cc58ecc12226c2ee50c/962506cfec4d4cc58ecc12226c2ee50c.HD-1080p-7.2Mbps-21041124.mp4?v=0,,"['MOISSANITE', 'LAB-DIAMOND']","14k rose gold, 14k yellow gold,  14k white gold,  18k rose gold, 18k yellow gold, 18k white gold, platinum","THIN, STANDARD, WIDE, CUSTOM",", 3.25, 3.5, 3.75, 4, 4.25, 4.5, 4.75, 5, 5.25, 5.5, 5.75, 6, 6.25, 6.5, 6.75, 7, 7.25, 7.5, 7.75, 8, 8.25, 8.50, 8.75, 9, 9.25, 9.5, 9.75, 10, 10.25, 10.5, 10.75, 11, 11.25, 11.5, 11.75, 12, 12.25, 12.5, 12.75, 12.75+ Contact our team for additional sizes","10x7mm emerald, 14k yellow gold",,,Metal of choice + Moissanite from Zen Moissanite,Emerald,VVS,Colorless (EF),
https://zenmoissanite.com/collections/emerald-engagement-rings/products/carrie-emerald,emerald engagement rings,Carrie - Emerald,"Rs. 101,700.00","https://zenmoissanite.com/cdn/shop/files/9.5x6.5mm_2.7cte_Emerald4-prongCarrie_2mmplainband_-14kYG-Size6.75.jpg, https://zenmoissanite.com/cdn/shop/files/9.5x6.5mm_2.7cte_Emerald4-prongCarrie_2mmplainband_-14kYG-Size6.752.jpg, https://zenmoissanite.com/cdn/shop/files/9.5x6.5mm_2.7cte_Emerald4-prongCarrie_2mmplainband_-14kYG-Size6.753.jpg, https://zenmoissanite.com/cdn/shop/files/9.5x6.5mm_2.7cte_Emerald4-prongCarrie_2mmplainband_-14kYG-Size6.75-Lifestyle.jpg, https://zenmoissanite.com/cdn/shop/files/9.5x6.5mm_2.7cte_Emerald4-prongCarrie_2mmplainband_-14kYG-Size6.75-Lifestyle-2.jpg, https://zenmoissanite.com/cdn/shop/files/9.5x6.5mm_2.7cte_Emerald4-prongCarrie_2mmplainband_-14kYG-Size6.75-Lifestyle-3.jpg, https://zenmoissanite.com/cdn/shop/files/9.5x6.5mm_2.7cte_Emerald4-prongCarrie_2mmplainband_-14kYG-Size6.75-Lifestyle-7.jpg, https://zenmoissanite.com/cdn/shop/files/9.5x6.5mm_2.7cte_Emerald4-prongCarrie_2mmplainband_-14kYG-Size6.75-Lifestyle-4.jpg, https://zenmoissanite.com/cdn/shop/files/9.5x6.5mm_2.7cte_Emerald4-prongCarrie_2mmplainband_-14kYG-Size6.75-Lifestyle-5.jpg, https://zenmoissanite.com/cdn/shop/files/9.5x6.5mm_2.7cte_Emerald4-prongCarrie_2mmplainband_-14kYG-Size6.75-Lifestyle-6.jpg, https://zenmoissanite.com/cdn/shop/files/preview_images/0ced6333d27a44b882d9a87a511fd3fd.thumbnail.0000000000_610x.jpg, https://zenmoissanite.com/cdn/shop/files/preview_images/71dea43dda524778846864c364549779.thumbnail.0000000000_610x.jpg",https://zenmoissanite.com/cdn/shop/videos/c/vp/0ced6333d27a44b882d9a87a511fd3fd/0ced6333d27a44b882d9a87a511fd3fd.HD-1080p-7.2Mbps-28733524.mp4?v=0,,"['MOISSANITE', 'LAB-DIAMOND']","14k rose gold, 14k yellow gold,  14k white gold,  18k rose gold, 18k yellow gold, 18k white gold, platinum","THIN, STANDARD, WIDE, CUSTOM",", 3.25, 3.5, 3.75, 4, 4.25, 4.5, 4.75, 5, 5.25, 5.5, 5.75, 6, 6.25, 6.5, 6.75, 7, 7.25, 7.5, 7.75, 8, 8.25, 8.50, 8.75, 9, 9.25, 9.5, 9.75, 10, 10.25, 10.5, 10.75, 11, 11.25, 11.5, 11.75, 12, 12.25, 12.5, 12.75, 12.75+ Contact our team for additional sizes","9.5x6.5mm (2.7cte) emerald, 14k yellow gold",Shown on a size 4.75 finger (images).,Shown on a size 4.75 finger (videos).,Metal of choice + Moissanite from Zen Moissanite,Emerald,VVS,Colorless (EF),
https://zenmoissanite.com/collections/emerald-engagement-rings/products/the-hannah-3-stone-oval-lab-emerald-pear-ring,emerald engagement rings,Hannah - Oval (Lab-Emerald) & Pear,"Rs. 194,800.00","https://zenmoissanite.com/cdn/shop/files/10.5x7mmLab-EmeraldOval_5x3mmBrilliantPear_3.1cttotalweight_Hannah_1.7mmplainband_-14kYG-Size6-4.jpg, https://zenmoissanite.com/cdn/shop/files/10.5x7mmLab-EmeraldOval_5x3mmBrilliantPear_3.1cttotalweight_Hannah_1.7mmplainband_-14kYG-Size6-1.jpg, https://zenmoissanite.com/cdn/shop/files/10.5x7mmLab-EmeraldOval_5x3mmBrilliantPear_3.1cttotalweight_Hannah_1.7mmplainband_-14kYG-Size6-2.jpg, https://zenmoissanite.com/cdn/shop/files/10.5x7mmLab-EmeraldOval_5x3mmBrilliantPear_3.1cttotalweight_Hannah_1.7mmplainband_-14kYG-Size6-3.jpg, https://zenmoissanite.com/cdn/shop/files/10.5x7mmLab-EmeraldOval_5x3mmBrilliantPear_3.1cttotalweight_Hannah_1.7mmplainband_-14kYG-Size6Lifestyle-1.jpg, https://zenmoissanite.com/cdn/shop/files/10.5x7mmLab-EmeraldOval_5x3mmBrilliantPear_3.1cttotalweight_Hannah_1.7mmplainband_-14kYG-Size6Lifestyle-2.jpg, https://zenmoissanite.com/cdn/shop/files/10.5x7mmLab-EmeraldOval_5x3mmBrilliantPear_3.1cttotalweight_Hannah_1.7mmplainband_-14kYG-Size6Lifestyle-3.jpg, https://zenmoissanite.com/cdn/shop/files/10.5x7mmLab-EmeraldOval_5x3mmBrilliantPear_3.1cttotalweight_Hannah_1.7mmplainband_-14kYG-Size6Lifestyle-4.jpg, https://zenmoissanite.com/cdn/shop/files/10.5x7mmLab-EmeraldOval_5x3mmBrilliantPear_3.1cttotalweight_Hannah_1.7mmplainband_-14kYG-Size6Lifestyle-5.jpg, https://zenmoissanite.com/cdn/shop/files/10.5x7mmLab-EmeraldOval_5x3mmBrilliantPear_3.1cttotalweight_Hannah_1.7mmplainband_-14kYG-Size6Lifestyle-6.jpg, https://zenmoissanite.com/cdn/shop/files/10.5x7mmLab-EmeraldOval_5x3mmBrilliantPear_3.1cttotalweight_Hannah_1.7mmplainband_-14kYG-Size6Lifestyle-7.jpg, https://zenmoissanite.com/cdn/shop/files/10.5x7mmLab-EmeraldOval_5x3mmBrilliantPear_3.1cttotalweight_Hannah_1.7mmplainband_-14kYG-Size6Lifestyle-8.jpg, https://zenmoissanite.com/cdn/shop/files/10.5x7mmLab-EmeraldOval_5x3mmBrilliantPear_3.1cttotalweight_Hannah_1.7mmplainband_-14kYG-Size6Lifestyle-9.jpg, https://zenmoissanite.com/cdn/shop/files/10.5x7mmLab-EmeraldOval_5x3mmBrilliantPear_3.1cttotalweight_Hannah_1.7mmplainband_-14kYG-Size6Lifestyle-10.jpg, https://zenmoissanite.com/cdn/shop/files/10.5x7mmLab-EmeraldOval_5x3mmBrilliantPear_3.1cttotalweight_Hannah_1.7mmplainband_-14kYG-Size6Lifestyle-11.jpg, https://zenmoissanite.com/cdn/shop/files/10.5x7mmLab-EmeraldOval_5x3mmBrilliantPear_3.1cttotalweight_Hannah_1.7mmplainband_-14kYG-Size6Lifestyle-12.jpg, https://zenmoissanite.com/cdn/shop/files/preview_images/4432c0d72e7b46038b95abdf8b13e741.thumbnail.0000000000_610x.jpg, https://zenmoissanite.com/cdn/shop/files/preview_images/097749c8de9d4e1facd66455889a5e5b.thumbnail.0000000000_610x.jpg, https://zenmoissanite.com/cdn/shop/files/preview_images/4cf568055a4742c79b6c617fc6fae006.thumbnail.0000000000_610x.jpg",https://zenmoissanite.com/cdn/shop/videos/c/vp/4432c0d72e7b46038b95abdf8b13e741/4432c0d72e7b46038b95abdf8b13e741.HD-1080p-7.2Mbps-25775891.mp4?v=0,"1.8cte total weight, 2.1cte total weight, 2.6cte total weight, 3.2cte total weight, 4.2cte total weight",[],,,,3.2ct total weight,14k yellow gold,Shown on a size 4.75 finger,Moissanite from Zen Moissanite and metal of choice,,VVS1/VVS2,Colorless (DEF),"Our Blair's sister which features an elevated mount to accommodate a band to sit flush with it.Center Stone:Cut : Oval (antique, hybrid, brilliant or crushed ice)Composition: lab-emeraldSide Stones:Cut : pear brilliantComposition: moissaniteStone layouts listed (customizable):1.8cte total weight4x2.5mm pear | 8x6mm oval | 4x2.5mm pear2.1cte total weight4x2.5mm pear | 9x6mm oval | 4x2.5mm pear2.6cte total weight5x3mm pear | 9.5x6.5mm oval | 5x3mm pear3.2cte total weight5x3mm pear | 10.5x7mm oval | 5x3mm pear4.2cte total weight6x4mm pear | 11x7.5mm oval | 6x4mm pear"
https://zenmoissanite.com/collections/emerald-engagement-rings/products/the-harley-emerald,emerald engagement rings,Harley - Emerald,"Rs. 104,800.00","https://zenmoissanite.com/cdn/shop/products/14x10mm_8cte_Emerald4-prongHarley_2mmplainband_-14kYG-Size9.jpg, https://zenmoissanite.com/cdn/shop/products/14x10mm_8cte_Emerald4-prongHarley_2mmplainband_-14kYG-Size9-2.jpg, https://zenmoissanite.com/cdn/shop/products/14x10mm_8cte_Emerald4-prongHarley_2mmplainband_-14kYG-Size9-3.jpg, https://zenmoissanite.com/cdn/shop/products/14x10mm_8cte_Emerald4-prongHarley_2mmplainband_-14kYG-Size9-4.jpg, https://zenmoissanite.com/cdn/shop/products/14x10mm_8cte_Emerald4-prongHarley_2mmplainband_-14kYG-Size9-5.jpg, https://zenmoissanite.com/cdn/shop/products/14x10mm_8cte_Emerald4-prongHarley_2mmplainband_-14kYG-Size9Lifestyle.jpg, https://zenmoissanite.com/cdn/shop/products/14x10mm_8cte_Emerald4-prongHarley_2mmplainband_-14kYG-Size9Lifestyle-2.jpg, https://zenmoissanite.com/cdn/shop/products/14x10mm_8cte_Emerald4-prongHarley_2mmplainband_-14kYG-Size9Lifestyle-9.jpg, https://zenmoissanite.com/cdn/shop/products/14x10mm_8cte_Emerald4-prongHarley_2mmplainband_-14kYG-Size9Lifestyle-10.jpg, https://zenmoissanite.com/cdn/shop/products/14x10mm_8cte_Emerald4-prongHarley_2mmplainband_-14kYG-Size9Lifestyle-11.jpg",,,"['MOISSANITE', 'LAB-DIAMOND']","14k rose gold, 14k yellow gold,  14k white gold,  18k rose gold, 18k yellow gold, 18k white gold, platinum","THIN, STANDARD, WIDE, CUSTOM",", 3.25, 3.5, 3.75, 4, 4.25, 4.5, 4.75, 5, 5.25, 5.5, 5.75, 6, 6.25, 6.5, 6.75, 7, 7.25, 7.5, 7.75, 8, 8.25, 8.50, 8.75, 9, 9.25, 9.5, 9.75, 10, 10.25, 10.5, 10.75, 11, 11.25, 11.5, 11.75, 12, 12.25, 12.5, 12.75, 12.75+ Contact our team for additional sizes",14x10mm emeral,14k yellow gold,Shown on a size 7 finger.,Metal of choice + Moissanite from Zen Moissanite,Emerald,VVS1/VVS2,Colorless (DEF),Our signature solitaire design featuring claw prongs and a hidden halo.
https://zenmoissanite.com/collections/emerald-engagement-rings/products/the-jasmine-emerald,emerald engagement rings,Jasmine (with Pavé) - Emerald,"Rs. 144,900.00","https://zenmoissanite.com/cdn/shop/products/9x7mm_2.4cte_EmeraldJasmine4-prongJasmine_1.7mmpaveband_-18kWG-Size4.75.jpg, https://zenmoissanite.com/cdn/shop/products/9x7mm_2.4cte_EmeraldJasmine4-prongJasmine_1.7mmpaveband_-18kWG-Size4.75-2.jpg, https://zenmoissanite.com/cdn/shop/products/9x7mm_2.4cte_EmeraldJasmine4-prongJasmine_1.7mmpaveband_-18kWG-Size4.75-3.jpg, https://zenmoissanite.com/cdn/shop/products/9x7mm_2.4cte_EmeraldJasmine4-prongJasmine_1.7mmpaveband_-18kWG-Size4.75-4.jpg, https://zenmoissanite.com/cdn/shop/products/9x7mm_2.4cte_EmeraldJasmine4-prongJasmine_1.7mmpaveband_-18kWG-Size4.75-5.jpg, https://zenmoissanite.com/cdn/shop/products/9x7mm_2.4cte_EmeraldJasmine4-prongJasmine_1.7mmpaveband_-18kWG-Size4.75Lifestyle-3.jpg, https://zenmoissanite.com/cdn/shop/products/9x7mm_2.4cte_EmeraldJasmine4-prongJasmine_1.7mmpaveband_-18kWG-Size4.75Lifestyle-4.jpg, https://zenmoissanite.com/cdn/shop/products/9x7mm_2.4cte_EmeraldJasmine4-prongJasmine_1.7mmpaveband_-18kWG-Size4.75Lifestyle-5.jpg, https://zenmoissanite.com/cdn/shop/products/9x7mm_2.4cte_EmeraldJasmine4-prongJasmine_1.7mmpaveband_-18kWG-Size4.75Lifestyle-7.jpg, https://zenmoissanite.com/cdn/shop/products/9x7mm_2.4cte_EmeraldJasmine4-prongJasmine_1.7mmpaveband_-18kWG-Size4.75Lifestyle.jpg, https://zenmoissanite.com/cdn/shop/products/63260b4618ef49208a336351348373a8.thumbnail.0000000000_610x.jpg",https://zenmoissanite.com/cdn/shop/videos/c/vp/63260b4618ef49208a336351348373a8/63260b4618ef49208a336351348373a8.HD-1080p-7.2Mbps-10416761.mp4?v=0,,"['MOISSANITE', 'LAB-DIAMOND']","14k rose gold, 14k yellow gold,  14k white gold,  18k rose gold, 18k yellow gold, 18k white gold, platinum","THIN, STANDARD, WIDE, CUSTOM",", 3.25, 3.5, 3.75, 4, 4.25, 4.5, 4.75, 5, 5.25, 5.5, 5.75, 6, 6.25, 6.5, 6.75, 7, 7.25, 7.5, 7.75, 8, 8.25, 8.50, 8.75, 9, 9.25, 9.5, 9.75, 10, 10.25, 10.5, 10.75, 11, 11.25, 11.5, 11.75, 12, 12.25, 12.5, 12.75, 12.75+ Contact our team for additional sizes",9x7mm emerald,14k white gold,Shown on a size 4.75 finger,Metal of choice + Moissanite from Zen Moissanite,Emerald,VVS1-VVS2,Colorless (DEF),"DisclaimerDue to the invisible gallery feature, this ring design cannot undergo a standard resizing process. Please note that recasting is required for any size adjustments, whether it is to size up or down."
https://zenmoissanite.com/collections/emerald-engagement-rings/products/the-jasmine-plain-gold-band-emerald,emerald engagement rings,Jasmine - Emerald,"Rs. 98,600.00","https://zenmoissanite.com/cdn/shop/files/9x7mm_2.7cte_Emerald4-prongJasmine_1.7mmplainband_-18kYG-Size6.jpg, https://zenmoissanite.com/cdn/shop/files/9x7mm_2.7cte_Emerald4-prongJasmine_1.7mmplainband_-18kYG-Size6-2.jpg, https://zenmoissanite.com/cdn/shop/files/9x7mm_2.7cte_Emerald4-prongJasmine_1.7mmplainband_-18kYG-Size6-3.jpg, https://zenmoissanite.com/cdn/shop/files/9x7mm_2.7cte_Emerald4-prongJasmine_1.7mmplainband_-18kYG-Size6-4.jpg, https://zenmoissanite.com/cdn/shop/files/9x7mm_2.7cte_Emerald4-prongJasmine_1.7mmplainband_-18kYG-Size6-5.jpg, https://zenmoissanite.com/cdn/shop/files/9x7mm_2.7cte_Emerald4-prongJasmine_1.7mmplainband_-18kYG-Size6Lifestyle-4.jpg, https://zenmoissanite.com/cdn/shop/files/9x7mm_2.7cte_Emerald4-prongJasmine_1.7mmplainband_-18kYG-Size6Lifestyle.jpg, https://zenmoissanite.com/cdn/shop/files/preview_images/e86a97fe1f244b64959b2b8e0c213ce8.thumbnail.0000000000_610x.jpg",https://zenmoissanite.com/cdn/shop/videos/c/vp/e86a97fe1f244b64959b2b8e0c213ce8/e86a97fe1f244b64959b2b8e0c213ce8.HD-1080p-7.2Mbps-16628540.mp4?v=0,,"['MOISSANITE', 'LAB-DIAMOND']","14k rose gold, 14k yellow gold,  14k white gold,  18k rose gold, 18k yellow gold, 18k white gold, platinum","THIN, STANDARD, WIDE, CUSTOM",", 3.25, 3.5, 3.75, 4, 4.25, 4.5, 4.75, 5, 5.25, 5.5, 5.75, 6, 6.25, 6.5, 6.75, 7, 7.25, 7.5, 7.75, 8, 8.25, 8.50, 8.75, 9, 9.25, 9.5, 9.75, 10, 10.25, 10.5, 10.75, 11, 11.25, 11.5, 11.75, 12, 12.25, 12.5, 12.75, 12.75+ Contact our team for additional sizes",9x7mm emerald,18k yellow gold,Shown on a size 4.75 finger,Metal of choice + Moissanite from Zen Moissanite,Emerald,VVS1-VVS2,Colourless (DEF),"DisclaimerDue to the invisible gallery feature, this ring design cannot undergo a standard resizing process. Please note that recasting is required for any size adjustments, whether it is to size up or down."
https://zenmoissanite.com/collections/emerald-engagement-rings/products/the-lydia-emerald-round,emerald engagement rings,Lydia - Emerald & Round,"Rs. 203,400.00","https://zenmoissanite.com/cdn/shop/products/8mmH_A_7x5mmEmerald_3.2ctetotalweight_ClusterRing_1.5mmplainband_-14kYG-Size7.5.jpg, https://zenmoissanite.com/cdn/shop/products/8mmH_A_7x5mmEmerald_3.2ctetotalweight_ClusterRing_1.5mmplainband_-14kYG-Size7.5-2.jpg, https://zenmoissanite.com/cdn/shop/products/8mmH_A_7x5mmEmerald_3.2ctetotalweight_ClusterRing_1.5mmplainband_-14kYG-Size7.5-3.jpg, https://zenmoissanite.com/cdn/shop/products/8mmH_A_7x5mmEmerald_3.2ctetotalweight_ClusterRing_1.5mmplainband_-14kYG-Size7.5-4.jpg, https://zenmoissanite.com/cdn/shop/products/8mmH_A_7x5mmEmerald_3.2ctetotalweight_ClusterRing_1.5mmplainband_-14kYG-Size7.5-5.jpg, https://zenmoissanite.com/cdn/shop/products/8mmH_A_7x5mmEmerald_3.2ctetotalweight_ClusterRing_1.5mmplainband_-14kYG-Size7.5Closeup.jpg, https://zenmoissanite.com/cdn/shop/products/8mmH_A_7x5mmEmerald_3.2ctetotalweight_ClusterRing_1.5mmplainband_-14kYG-Size7.5Closeup-2.jpg, https://zenmoissanite.com/cdn/shop/products/8mmH_A_7x5mmEmerald_3.2ctetotalweight_ClusterRing_1.5mmplainband_-14kYG-Size7.5Closeup-3.jpg, https://zenmoissanite.com/cdn/shop/products/8mmH_A_7x5mmEmerald_3.2ctetotalweight_ClusterRing_1.5mmplainband_-14kYG-Size7.5Closeup-4.jpg, https://zenmoissanite.com/cdn/shop/products/8mmH_A_7x5mmEmerald_3.2ctetotalweight_ClusterRing_1.5mmplainband_-14kYG-Size7.5Closeup-5.jpg, https://zenmoissanite.com/cdn/shop/products/8mmH_A_7x5mmEmerald_3.2ctetotalweight_ClusterRing_1.5mmplainband_-14kYG-Size7.5Lifestyle-2.jpg, https://zenmoissanite.com/cdn/shop/products/8mmH_A_7x5mmEmerald_3.2ctetotalweight_ClusterRing_1.5mmplainband_-14kYG-Size7.5Lifestyle.jpg, https://zenmoissanite.com/cdn/shop/products/1fbae04a2b0a4fb1a89ab09598239496.thumbnail.0000000_610x.jpg",https://zenmoissanite.com/cdn/shop/videos/c/vp/1fbae04a2b0a4fb1a89ab09598239496/1fbae04a2b0a4fb1a89ab09598239496.HD-1080p-7.2Mbps.mp4?v=0,"2cte total weight, 3cte total weight, 4cte total weight, 5cte total weight",[],,,,3cte total weight version (1cte emerald & 2cte round - not including accent stones),14k yellow gold,,Metal of choice + Moissanite from Zen Moissanite,Emerald & round brilliant (H&A) - can be made with other shapes,VVS1/VVS2 Color: Colorless (DEF),,Cluster design that can be customized to any shape and combination of center stones. Please reach out to our team to make it your own!
https://zenmoissanite.com/collections/emerald-engagement-rings/products/makenzie-emerald,emerald engagement rings,Makenzie - Emerald,"Rs. 135,600.00","https://zenmoissanite.com/cdn/shop/products/8x6mm_1.9cte_EmeraldMakenziewithSplitShanks_1.7mmplainband_-14kYG-Size7.5.jpg, https://zenmoissanite.com/cdn/shop/products/8x6mm_1.9cte_EmeraldMakenziewithSplitShanks_1.7mmplainband_-14kYG-Size7.5-2.jpg, https://zenmoissanite.com/cdn/shop/products/8x6mm_1.9cte_EmeraldMakenziewithSplitShanks_1.7mmplainband_-14kYG-Size7.5-3.jpg, https://zenmoissanite.com/cdn/shop/products/8x6mm_1.9cte_EmeraldMakenziewithSplitShanks_1.7mmplainband_-14kYG-Size7.5-4.jpg, https://zenmoissanite.com/cdn/shop/products/8x6mm_1.9cte_EmeraldMakenziewithSplitShanks_1.7mmplainband_-14kYG-Size7.5-5.jpg, https://zenmoissanite.com/cdn/shop/products/8x6mm_1.9cte_EmeraldMakenziewithSplitShanks_1.7mmplainband_-14kYG-Size7.5Lifestyle-2.jpg, https://zenmoissanite.com/cdn/shop/products/8x6mm_1.9cte_EmeraldMakenziewithSplitShanks_1.7mmplainband_-14kYG-Size7.5Lifestyle-4.jpg, https://zenmoissanite.com/cdn/shop/products/8x6mm_1.9cte_EmeraldMakenziewithSplitShanks_1.7mmplainband_-14kYG-Size7.5Lifestyle-8.jpg, https://zenmoissanite.com/cdn/shop/products/8x6mm_1.9cte_EmeraldMakenziewithSplitShanks_1.7mmplainband_-14kYG-Size7.5Lifestyle-5.jpg, https://zenmoissanite.com/cdn/shop/products/8x6mm_1.9cte_EmeraldMakenziewithSplitShanks_1.7mmplainband_-14kYG-Size7.5Lifestyle-7.jpg, https://zenmoissanite.com/cdn/shop/products/8x6mm_1.9cte_EmeraldMakenziewithSplitShanks_1.7mmplainband_-14kYG-Size7.5Lifestyle.jpg, https://zenmoissanite.com/cdn/shop/products/52a84038c14944849fb439bce2878c40.thumbnail.0000000_610x.jpg",https://zenmoissanite.com/cdn/shop/videos/c/vp/52a84038c14944849fb439bce2878c40/52a84038c14944849fb439bce2878c40.HD-1080p-7.2Mbps.mp4?v=0,,"['MOISSANITE', 'LAB-DIAMOND']","14k rose gold, 14k yellow gold,  14k white gold,  18k rose gold, 18k yellow gold, 18k white gold, platinum","THIN, STANDARD, WIDE, CUSTOM",", 3.25, 3.5, 3.75, 4, 4.25, 4.5, 4.75, 5, 5.25, 5.5, 5.75, 6, 6.25, 6.5, 6.75, 7, 7.25, 7.5, 7.75, 8, 8.25, 8.50, 8.75, 9, 9.25, 9.5, 9.75, 10, 10.25, 10.5, 10.75, 11, 11.25, 11.5, 11.75, 12, 12.25, 12.5, 12.75, 12.75+ Contact our team for additional sizes",8x6mm emerald,14k yellow gold,Shown on a size 4.75 finger,Metal of choice + Moissanite from Zen Moissanite,Emerald,VVS1/VVS2,Colorless (DEF),
https://zenmoissanite.com/collections/emerald-engagement-rings/products/margot-emerald,emerald engagement rings,Margot - Emerald,"Rs. 166,400.00","https://zenmoissanite.com/cdn/shop/products/7.5x5.5mm_1.5cte_GreenEmerald4-prongMargot_2mmplainband_-18kYG-Size4.75-2.jpg, https://zenmoissanite.com/cdn/shop/products/7.5x5.5mm_1.5cte_GreenEmerald4-prongMargot_2mmplainband_-18kYG-Size4.75-3_1.jpg, https://zenmoissanite.com/cdn/shop/products/7.5x5.5mm_1.5cte_GreenEmerald4-prongMargot_2mmplainband_-18kYG-Size4.75-3.jpg, https://zenmoissanite.com/cdn/shop/products/7.5x5.5mm_1.5cte_GreenEmerald4-prongMargot_2mmplainband_-18kYG-Size4.75-4.jpg, https://zenmoissanite.com/cdn/shop/products/7.5x5.5mm_1.5cte_GreenEmerald4-prongMargot_2mmplainband_-18kYG-Size4.75-5-Edit-1.jpg, https://zenmoissanite.com/cdn/shop/products/7.5x5.5mm_1.5cte_GreenEmerald4-prongMargot_2mmplainband_-18kYG-Size4.75Closeup-2.jpg, https://zenmoissanite.com/cdn/shop/products/7.5x5.5mm_1.5cte_GreenEmerald4-prongMargot_2mmplainband_-18kYG-Size4.75Closeup.jpg, https://zenmoissanite.com/cdn/shop/products/7.5x5.5mm_1.5cte_GreenEmerald4-prongMargot_2mmplainband_-18kYG-Size4.75Closeup-3.jpg, https://zenmoissanite.com/cdn/shop/products/2480009916ce4fd7ad83828e0b541f12.thumbnail.0000000000_610x.jpg, https://zenmoissanite.com/cdn/shop/products/a489a20ae8194414a4f854f965a5bbf6.thumbnail.0000000000_610x.jpg",https://zenmoissanite.com/cdn/shop/videos/c/vp/2480009916ce4fd7ad83828e0b541f12/2480009916ce4fd7ad83828e0b541f12.HD-1080p-7.2Mbps-13823715.mp4?v=0,,[],,,,7.5x5mm emerald (green),18k yellow gold,Shwon on a size 4.75 finger,Metal of choice + Moissanite from Zen Moissanite,Emerald (step cut),VVS1/VVS2,Green Moissanite,"Please note that all of our standard ring settings come with moissanite accent stones (band pavé stones, halo stones, hidden halo, etc.) even if you select a lab-diamond center stone. If you are interested in lab-diamond accent stones, our team can provide a quote based off of your order after your order has been placed. Please notify our team of your interest for lab-diamond accent stones in the notes section of the order, or via email at team@zenmoissanite.com"
https://zenmoissanite.com/collections/emerald-engagement-rings/products/maria-emerald,emerald engagement rings,Maria - Emerald,"Rs. 178,700.00","https://zenmoissanite.com/cdn/shop/products/11x9mm_5cte_Emerald4-prongCaroline_1.7mmpaveband_-14kWG-Size5.5-1.jpg, https://zenmoissanite.com/cdn/shop/products/11x9mm_5cte_Emerald4-prongCaroline_1.7mmpaveband_-14kWG-Size5.5-2.jpg, https://zenmoissanite.com/cdn/shop/products/11x9mm_5cte_Emerald4-prongCaroline_1.7mmpaveband_-14kWG-Size5.5-3.jpg, https://zenmoissanite.com/cdn/shop/products/11x9mm_5cte_Emerald4-prongCaroline_1.7mmpaveband_-14kWG-Size5.5-4.jpg, https://zenmoissanite.com/cdn/shop/products/11x9mm_5cte_Emerald4-prongCaroline_1.7mmpaveband_-14kWG-Size5.5-6.jpg, https://zenmoissanite.com/cdn/shop/products/11x9mm_5cte_Emerald4-prongCaroline_1.7mmpaveband_-14kWG-Size5.5-8.jpg, https://zenmoissanite.com/cdn/shop/products/11x9mm_5cte_Emerald4-prongCaroline_1.7mmpaveband_-14kWG-Size5.5-5.jpg, https://zenmoissanite.com/cdn/shop/products/11x9mm_5cte_Emerald4-prongCaroline_1.7mmpaveband_-14kWG-Size5.5-4_1.jpg, https://zenmoissanite.com/cdn/shop/products/11x9mm_5cte_Emerald4-prongCaroline_1.7mmpaveband_-14kWG-Size5.5-7.jpg, https://zenmoissanite.com/cdn/shop/products/e77f6c1388fd4b76be9f2e54d392e479.thumbnail.0000000_610x.jpg, https://zenmoissanite.com/cdn/shop/products/a265c94987c2460f99a8ed1b2db8b57f.thumbnail.0000000_610x.jpg",https://zenmoissanite.com/cdn/shop/videos/c/vp/e77f6c1388fd4b76be9f2e54d392e479/e77f6c1388fd4b76be9f2e54d392e479.HD-1080p-7.2Mbps.mp4?v=0,,"['MOISSANITE', 'LAB-DIAMOND']","14k rose gold, 14k yellow gold,  14k white gold,  18k rose gold, 18k yellow gold, 18k white gold, platinum","THIN, STANDARD, WIDE, CUSTOM",", 3.25, 3.5, 3.75, 4, 4.25, 4.5, 4.75, 5, 5.25, 5.5, 5.75, 6, 6.25, 6.5, 6.75, 7, 7.25, 7.5, 7.75, 8, 8.25, 8.50, 8.75, 9, 9.25, 9.5, 9.75, 10, 10.25, 10.5, 10.75, 11, 11.25, 11.5, 11.75, 12, 12.25, 12.5, 12.75, 12.75+ Contact our team for additional sizes",11x9mm emerald,14k white gold,Shown on a size 4.75 finger,Metal of choice + Moissanite from Zen Moissanite,Emerald,VVS1/VVS2,Colorless (DEF),"Features a cathedral mount, with hidden halo and pavé prongs."
https://zenmoissanite.com/collections/emerald-engagement-rings/products/michelle-emerald,emerald engagement rings,Michelle - Emerald,"Rs. 117,100.00","https://zenmoissanite.com/cdn/shop/products/InStock_Two-tone_11x8mm_4.7cte_Emerald4-prongMichelle_1.7mm1_4paveband_-14kRGband-platinumhead-Size5.5_1_b4a75580-82b4-4f3f-9b4a-3446d6fd5433.jpg, https://zenmoissanite.com/cdn/shop/products/InStock_Two-tone_11x8mm_4.7cte_Emerald4-prongMichelle_1.7mm1_4paveband_-14kRGband-platinumhead-Size5.5-2_1_4f61acae-f678-45e5-8a5b-86f1b24b9d32.jpg, https://zenmoissanite.com/cdn/shop/products/InStock_Two-tone_11x8mm_4.7cte_Emerald4-prongMichelle_1.7mm1_4paveband_-14kRGband-platinumhead-Size5.5-3_1_b5191bd9-beb0-4f2f-8094-bee9fb04bde8.jpg, https://zenmoissanite.com/cdn/shop/products/InStock_Two-tone_11x8mm_4.7cte_Emerald4-prongMichelle_1.7mm1_4paveband_-14kRGband-platinumhead-Size5.5-4_1_caf813e6-b3ea-4de2-a83c-5a7663e17b2f.jpg, https://zenmoissanite.com/cdn/shop/products/InStock_Two-tone_11x8mm_4.7cte_Emerald4-prongMichelle_1.7mm1_4paveband_-14kRGband-platinumhead-Size5.5-5_1_37a39090-caf2-42cb-a641-d14b389cabef.jpg, https://zenmoissanite.com/cdn/shop/products/InStock_Two-tone_11x8mm_4.7cte_Emerald4-prongMichelle_1.7mm1_4paveband_-14kRGband-platinumhead-Size5.5-5_8ae2db52-1497-452e-b99a-15c830eea32d.jpg, https://zenmoissanite.com/cdn/shop/products/InStock_Two-tone_11x8mm_4.7cte_Emerald4-prongMichelle_1.7mm1_4paveband_-14kRGband-platinumhead-Size5.5_17b6d8a5-6955-44dd-910f-2aa2adcc6263.jpg, https://zenmoissanite.com/cdn/shop/products/InStock_Two-tone_11x8mm_4.7cte_Emerald4-prongMichelle_1.7mm1_4paveband_-14kRGband-platinumhead-Size5.5-4_1a4c566d-097b-4a77-ab62-cf2e93338c86.jpg, https://zenmoissanite.com/cdn/shop/products/InStock_Two-tone_11x8mm_4.7cte_Emerald4-prongMichelle_1.7mm1_4paveband_-14kRGband-platinumhead-Size5.5-3_e6cde98f-abf0-4bed-9f26-11c7426935bc.jpg, https://zenmoissanite.com/cdn/shop/products/InStock_Two-tone_11x8mm_4.7cte_Emerald4-prongMichelle_1.7mm1_4paveband_-14kRGband-platinumhead-Size5.5-6_0c717bd9-efb3-4be0-85bf-8ff34cd3ae05.jpg, https://zenmoissanite.com/cdn/shop/products/2273ff199b6644a3866858fe8a9b68a1.thumbnail.0000000000_610x.jpg",https://zenmoissanite.com/cdn/shop/videos/c/vp/2273ff199b6644a3866858fe8a9b68a1/2273ff199b6644a3866858fe8a9b68a1.HD-1080p-7.2Mbps-13377693.mp4?v=0,,"['MOISSANITE', 'LAB-DIAMOND']","14k rose gold, 14k yellow gold,  14k white gold,  18k rose gold, 18k yellow gold, 18k white gold, platinum","THIN, STANDARD, WIDE, CUSTOM",", 3.25, 3.5, 3.75, 4, 4.25, 4.5, 4.75, 5, 5.25, 5.5, 5.75, 6, 6.25, 6.5, 6.75, 7, 7.25, 7.5, 7.75, 8, 8.25, 8.50, 8.75, 9, 9.25, 9.5, 9.75, 10, 10.25, 10.5, 10.75, 11, 11.25, 11.5, 11.75, 12, 12.25, 12.5, 12.75, 12.75+ Contact our team for additional sizes",11x8mm emerald,14k rose gold band,Platinum head (+$100 customization),Metal of choice + Moissanite from Zen Moissanite,Emerald,VVS1-VVS2,Colorless (DEF),
https://zenmoissanite.com/collections/emerald-engagement-rings/products/ready-to-ship-caroline-emerald,emerald engagement rings,Ready to Ship - Caroline - Emerald,"Rs. 200,300.00","https://zenmoissanite.com/cdn/shop/files/8x5mm_1.5cte_Emerald4-prongCaroline_1.7mmplainband_-18kYG-Size5.jpg, https://zenmoissanite.com/cdn/shop/files/8x5mm_1.5cte_Emerald4-prongCaroline_1.7mmplainband_-18kYG-Size52.jpg, https://zenmoissanite.com/cdn/shop/files/8x5mm_1.5cte_Emerald4-prongCaroline_1.7mmplainband_-18kYG-Size53.jpg, https://zenmoissanite.com/cdn/shop/files/8x5mm_1.5cte_Emerald4-prongCaroline_1.7mmplainband_-18kYG-Size5-Lifestyles-1.jpg, https://zenmoissanite.com/cdn/shop/files/8x5mm_1.5cte_Emerald4-prongCaroline_1.7mmplainband_-18kYG-Size5-Lifestyles-2.jpg, https://zenmoissanite.com/cdn/shop/files/8x5mm_1.5cte_Emerald4-prongCaroline_1.7mmplainband_-18kYG-Size5-Lifestyles-3.jpg, https://zenmoissanite.com/cdn/shop/files/preview_images/68b0baf0bf844f289a1e0f61287a12c5.thumbnail.0000000000_610x.jpg",https://zenmoissanite.com/cdn/shop/videos/c/vp/68b0baf0bf844f289a1e0f61287a12c5/68b0baf0bf844f289a1e0f61287a12c5.HD-1080p-7.2Mbps-28731990.mp4?v=0,,[],,,,Sold and shipped as pictured.,,,,Emerald (step cut),VVS1/VVS2,Colorless (DEF),"Size: 8x5mm (1.5cte)Caroline ring design18k yellow gold1.7mm bandsize 5If you need this ring to be resized, please email our team prior to purchasing to discuss the required size. We will determine if this is feasible and provide the associated timeline and additional fees.If no resizing is selected, this ring will be shipped over the next business day or two, in a size 5."
https://zenmoissanite.com/collections/emerald-engagement-rings/products/the-rhonda-emerald-pink-sapphire-side-trapezoid,emerald engagement rings,Rhonda - Emerald & Sapphire Trapezoid (Pink),"Rs. 225,000.00","https://zenmoissanite.com/cdn/shop/products/10x8mmEmerald_5.25x3.75mmPinkTrapezoid_4.7cttotalweight_Rhonda_1.7mmplainband_-14kWG-Size6.jpg, https://zenmoissanite.com/cdn/shop/products/10x8mmEmerald_5.25x3.75mmPinkTrapezoid_4.7cttotalweight_Rhonda_1.7mmplainband_-14kWG-Size6-2.jpg, https://zenmoissanite.com/cdn/shop/products/10x8mmEmerald_5.25x3.75mmPinkTrapezoid_4.7cttotalweight_Rhonda_1.7mmplainband_-14kWG-Size6-3.jpg, https://zenmoissanite.com/cdn/shop/products/10x8mmEmerald_5.25x3.75mmPinkTrapezoid_4.7cttotalweight_Rhonda_1.7mmplainband_-14kWG-Size6-4.jpg, https://zenmoissanite.com/cdn/shop/products/10x8mmEmerald_5.25x3.75mmPinkTrapezoid_4.7cttotalweight_Rhonda_1.7mmplainband_-14kWG-Size6-5.jpg, https://zenmoissanite.com/cdn/shop/products/10x8mmEmerald_5.25x3.75mmPinkTrapezoid_4.7cttotalweight_Rhonda_1.7mmplainband_-14kWG-Size6Closeup.jpg, https://zenmoissanite.com/cdn/shop/products/10x8mmEmerald_5.25x3.75mmPinkTrapezoid_4.7cttotalweight_Rhonda_1.7mmplainband_-14kWG-Size6Closeup-2.jpg, https://zenmoissanite.com/cdn/shop/products/10x8mmEmerald_5.25x3.75mmPinkTrapezoid_4.7cttotalweight_Rhonda_1.7mmplainband_-14kWG-Size6Closeup-4.jpg, https://zenmoissanite.com/cdn/shop/products/10x8mmEmerald_5.25x3.75mmPinkTrapezoid_4.7cttotalweight_Rhonda_1.7mmplainband_-14kWG-Size6Closeup-5.jpg, https://zenmoissanite.com/cdn/shop/products/10x8mmEmerald_5.25x3.75mmPinkTrapezoid_4.7cttotalweight_Rhonda_1.7mmplainband_-14kWG-Size6Lifestyle-4.jpg, https://zenmoissanite.com/cdn/shop/products/10x8mmEmerald_5.25x3.75mmPinkTrapezoid_4.7cttotalweight_Rhonda_1.7mmplainband_-14kWG-Size6Lifestyle-11.jpg, https://zenmoissanite.com/cdn/shop/products/10x8mmEmerald_5.25x3.75mmPinkTrapezoid_4.7cttotalweight_Rhonda_1.7mmplainband_-14kWG-Size6Lifestyle-5.jpg, https://zenmoissanite.com/cdn/shop/products/10x8mmEmerald_5.25x3.75mmPinkTrapezoid_4.7cttotalweight_Rhonda_1.7mmplainband_-14kWG-Size6Lifestyle-9.jpg, https://zenmoissanite.com/cdn/shop/products/10x8mmEmerald_5.25x3.75mmPinkTrapezoid_4.7cttotalweight_Rhonda_1.7mmplainband_-14kWG-Size6Lifestyle.jpg, https://zenmoissanite.com/cdn/shop/products/10x8mmEmerald_5.25x3.75mmPinkTrapezoid_4.7cttotalweight_Rhonda_1.7mmplainband_-14kWG-Size6Lifestyle-10.jpg, https://zenmoissanite.com/cdn/shop/products/10x8mmEmerald_5.25x3.75mmPinkTrapezoid_4.7cttotalweight_Rhonda_1.7mmplainband_-14kWG-Size6Lifestyle-7.jpg, https://zenmoissanite.com/cdn/shop/products/10x8mmEmerald_5.25x3.75mmPinkTrapezoid_4.7cttotalweight_Rhonda_1.7mmplainband_-14kWG-Size6Lifestyle-6.jpg, https://zenmoissanite.com/cdn/shop/products/10x8mmEmerald_5.25x3.75mmPinkTrapezoid_4.7cttotalweight_Rhonda_1.7mmplainband_-14kWG-Size6Lifestyle-8.jpg, https://zenmoissanite.com/cdn/shop/products/10x8mmEmerald_5.25x3.75mmPinkTrapezoid_4.7cttotalweight_Rhonda_1.7mmplainband_-14kWG-Size6Lifestyle-3.jpg, https://zenmoissanite.com/cdn/shop/products/10x8mmEmerald_5.25x3.75mmPinkTrapezoid_4.7cttotalweight_Rhonda_1.7mmplainband_-14kWG-Size6Lifestyle-2.jpg, https://zenmoissanite.com/cdn/shop/products/7a63f9682b9a4f65857f2dfdb57bc5f7.thumbnail.0000000000_610x.jpg, https://zenmoissanite.com/cdn/shop/products/db2464d7fabc4ca99880e50b642a735b.thumbnail.0000000000_610x.jpg",https://zenmoissanite.com/cdn/shop/videos/c/vp/7a63f9682b9a4f65857f2dfdb57bc5f7/7a63f9682b9a4f65857f2dfdb57bc5f7.HD-1080p-7.2Mbps-8736293.mp4?v=0,"2.5ct equivalent total weight, 3.4ct equivalent total weight, 4.7ct equivalent total weight, 5.9ct equivalent total weight, 7.4ct equivalent total weight",[],,,,3.4ct equivalent total weight,14k yellow gold,Shown on a size 4.75 finger,Metal of choice + Moissanite from Zen Moissanite,step cut trapezoids,VVS1/VVS2,Colorless (DEF),"Center stone:Composition: MoissaniteSide stones:Composition: lab-sapphireColour: light pinkPictured: 4.7ct equivalent total weight version in 14k white gold, size 6.Stone Layout :2.5ct equivalent total weight :4x3mm Step Cut Trapezoid | 8x6mm Emerald | 4x3mm Step Cut Trapezoid3.4ct equivalent total weight :5x3.5mm Step Cut Trapezoid | 9x7mm Emerald | 5x3.5mm Step Cut Trapezoid4.7ct equivalent total weight :5.25x3.75mm Step Cut Trapezoid | 10x8mm Emerald | 5.25x3.75mm Step Cut Trapezoid5.9ct equivalent total weight :5.5x4mm Step Cut Trapezoid | 11x8mm Emerald | 5.5x4mm Step Cut Trapezoid7.4ct equivalent total weight :6x4.5mm Step Cut Trapezoid | 12x9mm Emerald | 6x4.5mm Step Cut Trapezoid"
https://zenmoissanite.com/collections/emerald-engagement-rings/products/the-rhonda-emerald-3-stone-ring,emerald engagement rings,Rhonda - Emerald & Trapezoid,"Rs. 219,400.00","https://zenmoissanite.com/cdn/shop/files/10x7mmEmerald_6x4mmStepCutTrapezoids_5ctetotalweight_Rhonda_2mmplainband_-14kYG-Size7_b229b417-49b5-40c9-9dd3-844de47eda63.jpg, https://zenmoissanite.com/cdn/shop/files/10x7mmEmerald_6x4mmStepCutTrapezoids_5ctetotalweight_Rhonda_2mmplainband_-14kYG-Size72_35ff8642-4e38-47ad-98fa-52bad8f48d51.jpg, https://zenmoissanite.com/cdn/shop/files/10x7mmEmerald_6x4mmStepCutTrapezoids_5ctetotalweight_Rhonda_2mmplainband_-14kYG-Size73_998d3650-bb11-4a19-a85f-99a1d9476f77.jpg, https://zenmoissanite.com/cdn/shop/files/10x7mmEmerald_6x4mmStepCutTrapezoids_5ctetotalweight_Rhonda_2mmplainband_-14kYG-Size7-4_ff5c7976-558f-4c7f-8613-779427d12626.jpg, https://zenmoissanite.com/cdn/shop/files/10x7mmEmerald_6x4mmStepCutTrapezoids_5ctetotalweight_Rhonda_2mmplainband_-14kYG-Size7-2_2d921e00-7ac9-40b4-b5dc-0a57a16605e3.jpg, https://zenmoissanite.com/cdn/shop/files/10x7mmEmerald_6x4mmStepCutTrapezoids_5ctetotalweight_Rhonda_2mmplainband_-14kYG-Size7-3_06334300-9661-4492-8458-aa826c3383a2.jpg, https://zenmoissanite.com/cdn/shop/files/10x7mmEmerald_6x4mmStepCutTrapezoids_5ctetotalweight_Rhonda_2mmplainband_-14kYG-Size7-1_d4073cb8-bb58-4700-8a8f-98125827d9ca.jpg, https://zenmoissanite.com/cdn/shop/files/preview_images/7625cfb394f644b19500436739f49c52.thumbnail.0000000000_610x.jpg, https://zenmoissanite.com/cdn/shop/files/preview_images/0b6c7c5c5308428880ee1d825269798a.thumbnail.0000000000_610x.jpg",https://zenmoissanite.com/cdn/shop/videos/c/vp/7625cfb394f644b19500436739f49c52/7625cfb394f644b19500436739f49c52.HD-1080p-7.2Mbps-37406982.mp4?v=0,"2.5ct equivalent total weight, 3.4ct equivalent total weight, 4.7ct equivalent total weight, 5.9ct equivalent total weight, 7.4ct equivalent total weight",[],,,,5ct equivalent total weight (10x7mm emerald & 6x4mm trapezoids),14k yellow gold,Shown on a size 4.75 finger,Metal of choice + Moissanite from Zen Moissanite,Emerald & step cut trapezoids,VVS,Colorless (EF),Stone Layout :2.5cte equivalent total weight :4x3mm Step Cut Trapezoid | 8x6mm Emerald | 4x3mm Step Cut Trapezoid3.4cte equivalent total weight :5x3.5mm Step Cut Trapezoid | 9x7mm Emerald | 5x3.5mm Step Cut Trapezoid4.7cte equivalent total weight :5.25x3.75mm Step Cut Trapezoid | 10x8mm Emerald | 5.25x3.75mm Step Cut Trapezoid5.9cte equivalent total weight :5.5x4mm Step Cut Trapezoid | 11x8mm Emerald | 5.5x4mm Step Cut Trapezoid7.4cte equivalent total weight :6x4.5mm Step Cut Trapezoid | 12x9mm Emerald | 6x4.5mm Step Cut Trapezoid
https://zenmoissanite.com/collections/emerald-engagement-rings/products/the-tess-emerald-double-band-ring,emerald engagement rings,Tess - Emerald,"Rs. 129,400.00","https://zenmoissanite.com/cdn/shop/files/11x8mm_4.7cte_Emerald4-prong_doubleprong_Tess_1.5mmplaindoubleband_-14kYG-Size6-1.jpg, https://zenmoissanite.com/cdn/shop/files/11x8mm_4.7cte_Emerald4-prong_doubleprong_Tess_1.5mmplaindoubleband_-14kYG-Size6-2.jpg, https://zenmoissanite.com/cdn/shop/files/11x8mm_4.7cte_Emerald4-prong_doubleprong_Tess_1.5mmplaindoubleband_-14kYG-Size6-3.jpg, https://zenmoissanite.com/cdn/shop/files/11x8mm_4.7cte_Emerald4-prong_doubleprong_Tess_1.5mmplaindoubleband_-14kYG-Size6-Lifestyle-1.jpg, https://zenmoissanite.com/cdn/shop/files/11x8mm_4.7cte_Emerald4-prong_doubleprong_Tess_1.5mmplaindoubleband_-14kYG-Size6-Lifestyle-4.jpg, https://zenmoissanite.com/cdn/shop/files/11x8mm_4.7cte_Emerald4-prong_doubleprong_Tess_1.5mmplaindoubleband_-14kYG-Size6-Lifestyle-7.jpg, https://zenmoissanite.com/cdn/shop/files/11x8mm_4.7cte_Emerald4-prong_doubleprong_Tess_1.5mmplaindoubleband_-14kYG-Size6-Lifestyle-14.jpg, https://zenmoissanite.com/cdn/shop/files/11x8mm_4.7cte_Emerald4-prong_doubleprong_Tess_1.5mmplaindoubleband_-14kYG-Size6-Lifestyle-15.jpg, https://zenmoissanite.com/cdn/shop/files/preview_images/7a890dbf14824909a4ce118712597e92.thumbnail.0000000000_610x.jpg, https://zenmoissanite.com/cdn/shop/files/preview_images/41b546bd6f7e4a7ca00de15ae76f8e2f.thumbnail.0000000000_610x.jpg",https://zenmoissanite.com/cdn/shop/videos/c/vp/7a890dbf14824909a4ce118712597e92/7a890dbf14824909a4ce118712597e92.HD-1080p-7.2Mbps-22879529.mp4?v=0,,"['MOISSANITE', 'LAB-DIAMOND']","14k rose gold, 14k yellow gold,  14k white gold,  18k rose gold, 18k yellow gold, 18k white gold, platinum","THIN, STANDARD, WIDE, CUSTOM",", 3.25, 3.5, 3.75, 4, 4.25, 4.5, 4.75, 5, 5.25, 5.5, 5.75, 6, 6.25, 6.5, 6.75, 7, 7.25, 7.5, 7.75, 8, 8.25, 8.50, 8.75, 9, 9.25, 9.5, 9.75, 10, 10.25, 10.5, 10.75, 11, 11.25, 11.5, 11.75, 12, 12.25, 12.5, 12.75, 12.75+ Contact our team for additional sizes",11x8mm emerald,14k yellow gold,,Metal of choice + moissanite from Zen Moissanite,Emerald,VVS1-VVS2,Colorless (DEF),
https://zenmoissanite.com/collections/emerald-engagement-rings/products/tiana-3-row-pave-emerald-pear,emerald engagement rings,Tiana (3-row Pavé) - Emerald & Pear,"Rs. 325,100.00","https://zenmoissanite.com/cdn/shop/files/10x7mmCrushedIcePear_9.5x6.5mmEmerald_4cttotalweight_Tiana_1.8mm3_4pave3-rowband_-14kRG-Size4.75.jpg, https://zenmoissanite.com/cdn/shop/files/10x7mmCrushedIcePear_9.5x6.5mmEmerald_4cttotalweight_Tiana_1.8mm3_4pave3-rowband_-14kRG-Size4.752.jpg, https://zenmoissanite.com/cdn/shop/files/10x7mmCrushedIcePear_9.5x6.5mmEmerald_4cttotalweight_Tiana_1.8mm3_4pave3-rowband_-14kRG-Size4.753.jpg, https://zenmoissanite.com/cdn/shop/files/10x7mmCrushedIcePear_9.5x6.5mmEmerald_4cttotalweight_Tiana_1.8mm3-4pave3-rowband_-14kRG-Size4.75-Lifestyle-2.jpg, https://zenmoissanite.com/cdn/shop/files/10x7mmCrushedIcePear_9.5x6.5mmEmerald_4cttotalweight_Tiana_1.8mm3-4pave3-rowband_-14kRG-Size4.75-Lifestyle-1.jpg, https://zenmoissanite.com/cdn/shop/files/10x7mmCrushedIcePear_9.5x6.5mmEmerald_4cttotalweight_Tiana_1.8mm3-4pave3-rowband_-14kRG-Size4.75-Lifestyle-3.jpg, https://zenmoissanite.com/cdn/shop/files/10x7mmCrushedIcePear_9.5x6.5mmEmerald_4cttotalweight_Tiana_1.8mm3-4pave3-rowband_-14kRG-Size4.75-Lifestyle-4.jpg, https://zenmoissanite.com/cdn/shop/files/10x7mmCrushedIcePear_9.5x6.5mmEmerald_4cttotalweight_Tiana_1.8mm3-4pave3-rowband_-14kRG-Size4.75-Lifestyle-5.jpg, https://zenmoissanite.com/cdn/shop/files/10x7mmCrushedIcePear_9.5x6.5mmEmerald_4cttotalweight_Tiana_1.8mm3-4pave3-rowband_-14kRG-Size4.75-Lifestyle-6.jpg, https://zenmoissanite.com/cdn/shop/files/preview_images/27c7b38e226348ae8569b796ea4de917.thumbnail.0000000000_610x.jpg, https://zenmoissanite.com/cdn/shop/files/preview_images/40635c2207784b618672234e097cce65.thumbnail.0000000000_610x.jpg",https://zenmoissanite.com/cdn/shop/videos/c/vp/27c7b38e226348ae8569b796ea4de917/27c7b38e226348ae8569b796ea4de917.HD-1080p-7.2Mbps-25778744.mp4?v=0,"2cte total weight, 3cte total weight, 4cte total weight, 5cte total weight",[],,,,4ct total weight version (pear brilliant & emerald),14k rose gold,Shown on a size 4.75 finger,Metal of choice + Moissanite from Zen Moissanite,Pear & emerald cut (customizable),VVS1/VVS2,Colorless (DEF),
https://zenmoissanite.com/collections/emerald-engagement-rings/products/tiana-pave-emerald-pear,emerald engagement rings,Tiana (with pavé) - Emerald & Pear,"Rs. 295,800.00","https://zenmoissanite.com/cdn/shop/products/9.5x7mmEmerald_9.5x6.5mmBrilliantPear_4.5cttotalweight_Tiana_1.8mm3_4paveband_-14kYG-Size6.jpg, https://zenmoissanite.com/cdn/shop/products/9.5x7mmEmerald_9.5x6.5mmBrilliantPear_4.5cttotalweight_Tiana_1.8mm3_4paveband_-14kYG-Size6-2.jpg, https://zenmoissanite.com/cdn/shop/products/9.5x7mmEmerald_9.5x6.5mmBrilliantPear_4.5cttotalweight_Tiana_1.8mm3_4paveband_-14kYG-Size6-3.jpg, https://zenmoissanite.com/cdn/shop/products/9.5x7mmEmerald_9.5x6.5mmBrilliantPear_4.5cttotalweight_Tiana_1.8mm3_4paveband_-14kYG-Size6-4.jpg, https://zenmoissanite.com/cdn/shop/products/9.5x7mmEmerald_9.5x6.5mmBrilliantPear_4.5cttotalweight_Tiana_1.8mm3_4paveband_-14kYG-Size6-5.jpg, https://zenmoissanite.com/cdn/shop/products/9.5x7mmEmerald_9.5x6.5mmBrilliantPear_4.5cttotalweight_Tiana_1.8mm3_4paveband_-14kYG-Size6Closeup-2.jpg, https://zenmoissanite.com/cdn/shop/products/9.5x7mmEmerald_9.5x6.5mmBrilliantPear_4.5cttotalweight_Tiana_1.8mm3_4paveband_-14kYG-Size6Lifestyle-2.jpg, https://zenmoissanite.com/cdn/shop/products/9.5x7mmEmerald_9.5x6.5mmBrilliantPear_4.5cttotalweight_Tiana_1.8mm3_4paveband_-14kYG-Size6Lifestyle.jpg, https://zenmoissanite.com/cdn/shop/products/08fb17253091424487cbea1309f0f021.thumbnail.0000000000_610x.jpg, https://zenmoissanite.com/cdn/shop/products/752d65c9732f4a379c0c2e01850088b9.thumbnail.0000000000_610x.jpg",https://zenmoissanite.com/cdn/shop/videos/c/vp/08fb17253091424487cbea1309f0f021/08fb17253091424487cbea1309f0f021.HD-1080p-7.2Mbps-11670634.mp4?v=0,"2cte total weight, 3cte total weight, 4cte total weight, 5cte total weight",[],,,,4.5ct total weight version (pear brilliant & emerald),14k yellow gold,Shown on a size 4.75 finger,Metal of choice + Moissanite from Zen Moissanite,Pear brilliant & princess cut (customizable),VVS1/VVS2,Colorless (DEF),"Option between single row of pavé, or 3-row pavé (covers 3/4)."
https://zenmoissanite.com/collections/emerald-engagement-rings/products/tiana-emerald-oval,emerald engagement rings,Tiana - Emerald & Oval,"Rs. 203,400.00","https://zenmoissanite.com/cdn/shop/files/8.25x5.75mmHybridOval_7.75x5.25mmEmerald_3ctetotalweight_Tiana_1.7mmplainband_-14kYG-Size6.5.jpg, https://zenmoissanite.com/cdn/shop/files/8.25x5.75mmHybridOval_7.75x5.25mmEmerald_3ctetotalweight_Tiana_1.7mmplainband_-14kYG-Size6.5-2.jpg, https://zenmoissanite.com/cdn/shop/files/8.25x5.75mmHybridOval_7.75x5.25mmEmerald_3ctetotalweight_Tiana_1.7mmplainband_-14kYG-Size6.5-3.jpg, https://zenmoissanite.com/cdn/shop/files/8.25x5.75mmHybridOval_7.75x5.25mmEmerald_3ctetotalweight_Tiana_1.7mmplainband_-14kYG-Size6.5-4.jpg, https://zenmoissanite.com/cdn/shop/files/8.25x5.75mmHybridOval_7.75x5.25mmEmerald_3ctetotalweight_Tiana_1.7mmplainband_-14kYG-Size6.5-5.jpg, https://zenmoissanite.com/cdn/shop/files/8.25x5.75mmHybridOval_7.75x5.25mmEmerald_3ctetotalweight_Tiana_1.7mmplainband_-14kYG-Size6.5Lifestyle-2.jpg, https://zenmoissanite.com/cdn/shop/files/8.25x5.75mmHybridOval_7.75x5.25mmEmerald_3ctetotalweight_Tiana_1.7mmplainband_-14kYG-Size6.5Lifestyle-3.jpg, https://zenmoissanite.com/cdn/shop/files/8.25x5.75mmHybridOval_7.75x5.25mmEmerald_3ctetotalweight_Tiana_1.7mmplainband_-14kYG-Size6.5Lifestyle-4.jpg, https://zenmoissanite.com/cdn/shop/files/8.25x5.75mmHybridOval_7.75x5.25mmEmerald_3ctetotalweight_Tiana_1.7mmplainband_-14kYG-Size6.5Lifestyle-5.jpg, https://zenmoissanite.com/cdn/shop/files/8.25x5.75mmHybridOval_7.75x5.25mmEmerald_3ctetotalweight_Tiana_1.7mmplainband_-14kYG-Size6.5Lifestyle.jpg, https://zenmoissanite.com/cdn/shop/files/preview_images/23275a859b97459f81ff2d12da58dbe0.thumbnail.0000000000_610x.jpg",https://zenmoissanite.com/cdn/shop/videos/c/vp/23275a859b97459f81ff2d12da58dbe0/23275a859b97459f81ff2d12da58dbe0.HD-1080p-7.2Mbps-17535507.mp4?v=0,"2cte total weight, 3cte total weight, 4cte total weight, 5cte total weight",[],,,,3ct total weight version (oval brilliant & emerald),14k yellow gold,Shown on a size 4.75 finger.,Metal of choice + Moissanite from Zen Moissanite,Oval & Emerald,VVS1/VVS2,Colorless (DEF),
https://zenmoissanite.com/collections/emerald-engagement-rings/products/the-tiana-toi-moi-ring-emerald-pear,emerald engagement rings,Tiana - Emerald & Pear,"Rs. 203,400.00","https://zenmoissanite.com/cdn/shop/products/9x6.5mmEmerald_9.5x6.5mmPearBrilliantToi_Moi-14kRG-Size5.25_-2.jpg, https://zenmoissanite.com/cdn/shop/products/9x6.5mmEmerald_9.5x6.5mmPearBrilliantToi_Moi-14kRG-Size5.25_-3.jpg, https://zenmoissanite.com/cdn/shop/products/9x6.5mmEmerald_9.5x6.5mmPearBrilliantToi_Moi-14kRG-Size5.25_-4.jpg, https://zenmoissanite.com/cdn/shop/products/9x6.5mmEmerald_9.5x6.5mmPearBrilliantToi_Moi-14kRG-Size5.25_-5.jpg, https://zenmoissanite.com/cdn/shop/products/9x6.5mmEmerald_9.5x6.5mmPearBrilliantToi_Moi-14kRG-Size5.25_-6.jpg, https://zenmoissanite.com/cdn/shop/products/9x6.5mmEmerald_9.5x6.5mmPearBrilliantToi_Moi-14kRG-Size5.25Lifestyle-2.jpg, https://zenmoissanite.com/cdn/shop/products/9x6.5mmEmerald_9.5x6.5mmPearBrilliantToi_Moi-14kRG-Size5.25Lifestyle.jpg, https://zenmoissanite.com/cdn/shop/products/9x6.5mmEmerald_9.5x6.5mmPearBrilliantToi_Moi-14kRG-Size5.25Lifestyle-3.jpg",,"2cte total weight, 3cte total weight, 4cte total weight, 5cte total weight",[],,,,4ct total weight version (pear brilliant & emerald),14k rose gold,Shown on a size 4.75 finger,Metal of choice + Moissanite from Zen Moissanite,Pear & emerald cut (customizable),VVS1/VVS2,Colorless (DEF),
https://zenmoissanite.com/collections/emerald-engagement-rings/products/tiana-emerald-lab-emerald-pear,emerald engagement rings,Tiana - Emerald (Lab-Emerald) & Pear,"Rs. 191,100.00","https://zenmoissanite.com/cdn/shop/products/9.5x7mmStepCutLab-Emerlad_10.5x7mmColorlessBrilliantPear_5.15ctetotalweight_Tiana_1.8mmplainband_-Platinum-Size8.75.jpg, https://zenmoissanite.com/cdn/shop/products/9.5x7mmStepCutLab-Emerlad_10.5x7mmColorlessBrilliantPear_5.15ctetotalweight_Tiana_1.8mmplainband_-Platinum-Size8.75-2.jpg, https://zenmoissanite.com/cdn/shop/products/9.5x7mmStepCutLab-Emerlad_10.5x7mmColorlessBrilliantPear_5.15ctetotalweight_Tiana_1.8mmplainband_-Platinum-Size8.75-3.jpg, https://zenmoissanite.com/cdn/shop/products/9.5x7mmStepCutLab-Emerlad_10.5x7mmColorlessBrilliantPear_5.15ctetotalweight_Tiana_1.8mmplainband_-Platinum-Size8.75-4.jpg, https://zenmoissanite.com/cdn/shop/products/9.5x7mmStepCutLab-Emerlad_10.5x7mmColorlessBrilliantPear_5.15ctetotalweight_Tiana_1.8mmplainband_-Platinum-Size8.75-5.jpg, https://zenmoissanite.com/cdn/shop/products/9.5x7mmStepCutLab-Emerlad_10.5x7mmColorlessBrilliantPear_5.15ctetotalweight_Tiana_1.8mmplainband_-Platinum-Size8.75Closeup-2.jpg, https://zenmoissanite.com/cdn/shop/products/9.5x7mmStepCutLab-Emerlad_10.5x7mmColorlessBrilliantPear_5.15ctetotalweight_Tiana_1.8mmplainband_-Platinum-Size8.75Lifestyle-7.jpg, https://zenmoissanite.com/cdn/shop/products/9.5x7mmStepCutLab-Emerlad_10.5x7mmColorlessBrilliantPear_5.15ctetotalweight_Tiana_1.8mmplainband_-Platinum-Size8.75Lifestyle-6.jpg, https://zenmoissanite.com/cdn/shop/products/9.5x7mmStepCutLab-Emerlad_10.5x7mmColorlessBrilliantPear_5.15ctetotalweight_Tiana_1.8mmplainband_-Platinum-Size8.75Lifestyle-5.jpg, https://zenmoissanite.com/cdn/shop/products/9.5x7mmStepCutLab-Emerlad_10.5x7mmColorlessBrilliantPear_5.15ctetotalweight_Tiana_1.8mmplainband_-Platinum-Size8.75Lifestyle-2.jpg, https://zenmoissanite.com/cdn/shop/products/9.5x7mmStepCutLab-Emerlad_10.5x7mmColorlessBrilliantPear_5.15ctetotalweight_Tiana_1.8mmplainband_-Platinum-Size8.75Lifestyle-3.jpg, https://zenmoissanite.com/cdn/shop/products/9.5x7mmStepCutLab-Emerlad_10.5x7mmColorlessBrilliantPear_5.15ctetotalweight_Tiana_1.8mmplainband_-Platinum-Size8.75Lifestyle-4.jpg, https://zenmoissanite.com/cdn/shop/products/9.5x7mmStepCutLab-Emerlad_10.5x7mmColorlessBrilliantPear_5.15ctetotalweight_Tiana_1.8mmplainband_-Platinum-Size8.75Lifestyle.jpg, https://zenmoissanite.com/cdn/shop/products/f09e9b3e8f104382a07ccef2518ad1db.thumbnail.0000000000_610x.jpg, https://zenmoissanite.com/cdn/shop/products/5221369cb7644a36ab7480e3c6f37df4.thumbnail.0000000000_610x.jpg",https://zenmoissanite.com/cdn/shop/videos/c/vp/f09e9b3e8f104382a07ccef2518ad1db/f09e9b3e8f104382a07ccef2518ad1db.HD-1080p-7.2Mbps-12406065.mp4?v=0,"2cte total weight, 3cte total weight, 4cte total weight, 5cte total weight",[],,,,Sold and shipped as pictured.,Shown on a size 4.75 finger.,,Metal of choice + Moissanite from Zen Moissanite,Pear brilliant (moissanite) & emerald cut (lab-emerald) (customizable),,,
https://zenmoissanite.com/collections/emerald-engagement-rings/products/veronica-emerald,emerald engagement rings,Veronica - Emerald,"Rs. 89,400.00","https://zenmoissanite.com/cdn/shop/products/9x7mmEmeraldVeronica-18kYGBand_18kWGHead-Size6.jpg, https://zenmoissanite.com/cdn/shop/products/9x7mmEmeraldVeronica-18kYGBand_18kWGHead-Size6-2.jpg, https://zenmoissanite.com/cdn/shop/products/9x7mmEmeraldVeronica-18kYGBand_18kWGHead-Size6-3.jpg, https://zenmoissanite.com/cdn/shop/products/9x7mmEmeraldVeronica-18kYGBand_18kWGHead-Size6-4.jpg, https://zenmoissanite.com/cdn/shop/products/9x7mmEmeraldVeronica-18kYGBand_18kWGHead-Size6-5.jpg, https://zenmoissanite.com/cdn/shop/products/9x7mmEmeraldVeronica-18kYGBand_18kWGHead-Size6Closeup.jpg, https://zenmoissanite.com/cdn/shop/products/1dbab3ad8d0d4f5d8b229db447bbaf18.thumbnail.0000000000_610x.jpg, https://zenmoissanite.com/cdn/shop/products/9x7mmEmeraldVeronica-18kYGBand_18kWGHead-Size6Closeup-2.jpg",https://zenmoissanite.com/cdn/shop/videos/c/vp/1dbab3ad8d0d4f5d8b229db447bbaf18/1dbab3ad8d0d4f5d8b229db447bbaf18.HD-1080p-7.2Mbps-8452566.mp4?v=0,,"['MOISSANITE', 'LAB-DIAMOND']","14k rose gold, 14k yellow gold,  14k white gold,  18k rose gold, 18k yellow gold, 18k white gold, platinum","THIN, STANDARD, WIDE, CUSTOM",", 3.25, 3.5, 3.75, 4, 4.25, 4.5, 4.75, 5, 5.25, 5.5, 5.75, 6, 6.25, 6.5, 6.75, 7, 7.25, 7.5, 7.75, 8, 8.25, 8.50, 8.75, 9, 9.25, 9.5, 9.75, 10, 10.25, 10.5, 10.75, 11, 11.25, 11.5, 11.75, 12, 12.25, 12.5, 12.75, 12.75+ Contact our team for additional sizes",9x7mm emerald,18k yellow gold band,18k white gold head,Metal of choice + Moissanite from Zen Moissanite,Emerald,VVS1/VVS2,Colorless (DEF),"DisclaimerDue to the invisible gallery feature, this ring design cannot undergo a standard resizing process. Please note that recasting is required for any size adjustments, whether it is to size up or down."
